symbol,session_day,window,weekday,session,pre_range_rel,pre_wick_frac,pre_streak,pre_contraction,range,netto,dir,direction,start_min,expansion
MNQ,2026-07-08,00:50,Wed,Asia,,0.42905405405405406,3,0.9433962264150944,71.0,30.5,0.4295774647887324,up,5,False
MNQ,2026-07-08,01:50,Wed,Asia,1.7397260273972603,0.4103942652329749,7,0.6944444444444444,52.25,37.75,0.722488038277512,up,0,True
MNQ,2026-07-08,02:50,Wed,London,0.9337748344370861,0.5222672064777328,5,0.8666666666666667,71.5,-19.0,0.26573426573426573,down,2,False
MNQ,2026-07-08,03:50,Wed,London,1.003076923076923,0.5383211678832117,3,1.263157894736842,54.25,-21.5,0.39631336405529954,down,0,False
MNQ,2026-07-08,04:50,Wed,London,2.1043956043956045,0.5619285120532004,2,0.8014184397163121,168.25,-87.0,0.5170876671619614,down,5,False
MNQ,2026-07-08,05:50,Wed,London,0.6024844720496895,0.4596949891067538,3,0.84,79.0,-35.0,0.4430379746835443,down,4,False
MNQ,2026-07-08,06:50,Wed,London,0.5571725571725572,0.6622137404580153,3,1.2340425531914894,69.25,-47.0,0.6787003610108303,down,5,True
MNQ,2026-07-08,07:50,Wed,Premarket,2.7584415584415583,0.4396887159533074,4,1.5932203389830508,127.25,94.75,0.7445972495088409,up,11,True
MNQ,2026-07-08,08:50,Wed,Premarket,0.8021390374331551,0.49245283018867925,5,1.1111111111111112,91.0,9.0,0.0989010989010989,up,11,False
MNQ,2026-07-08,09:50,Wed,NY AM,1.5725806451612903,0.4678398058252427,4,1.3181818181818181,107.25,19.25,0.1794871794871795,up,0,False
MNQ,2026-07-08,10:50,Wed,NY AM,1.1838926174496645,0.4524147727272727,3,0.8145695364238411,148.5,20.75,0.13973063973063973,up,0,False
MNQ,2026-07-08,11:50,Wed,NY AM,0.5862068965517241,0.597918637653737,5,1.1397849462365592,125.5,75.0,0.5976095617529881,up,3,False
MNQ,2026-07-08,12:50,Wed,Lunch,0.9115442278860569,0.5775941230486685,3,0.7264957264957265,57.75,12.5,0.21645021645021645,up,1,False
MNQ,2026-07-08,13:50,Wed,NY PM,1.279527559055118,0.4160206718346253,3,0.9583333333333334,95.25,58.0,0.6089238845144357,up,6,True
MNQ,2026-07-08,14:50,Wed,NY PM,0.7886710239651417,0.5107296137339056,3,0.8023255813953488,60.25,5.75,0.0954356846473029,up,16,False
MNQ,2026-07-08,15:50,Wed,NY PM,0.8370927318295739,0.5464396284829721,3,1.6274509803921569,111.75,32.75,0.2930648769574944,up,0,False
MNQ,2026-07-09,18:50,Wed,Asia,,0.7665505226480837,5,0.5833333333333334,51.25,36.75,0.7170731707317073,up,4,True
MNQ,2026-07-09,19:50,Wed,Asia,1.708955223880597,0.4761215629522431,3,0.9402985074626866,82.75,53.5,0.6465256797583081,up,2,True
MNQ,2026-07-09,20:50,Wed,Asia,1.1311475409836065,0.5767284991568297,3,1.9487179487179487,99.25,-24.75,0.24937027707808565,down,0,False
MNQ,2026-07-09,21:50,Wed,Asia,0.6203473945409429,0.5451327433628319,2,0.8709677419354839,104.75,-23.5,0.2243436754176611,down,0,False
MNQ,2026-07-09,22:50,Wed,Asia,1.2374429223744292,0.5294117647058824,3,0.96,51.0,-10.0,0.19607843137254902,down,0,False
MNQ,2026-07-09,00:50,Thu,Asia,0.49851632047477745,0.5641592920353983,2,0.7454545454545455,53.25,-3.75,0.07042253521126761,down,11,False
MNQ,2026-07-09,01:50,Thu,Asia,1.50354609929078,0.4506283662477558,5,0.7704918032786885,57.25,31.75,0.5545851528384279,up,0,False
MNQ,2026-07-09,02:50,Thu,London,0.42245989304812837,0.49572649572649574,3,0.9705882352941176,37.5,8.75,0.23333333333333334,up,9,False
MNQ,2026-07-09,03:50,Thu,London,1.6569343065693432,0.44052863436123346,4,0.6379310344827587,70.25,38.25,0.5444839857651246,up,10,False
MNQ,2026-07-09,04:50,Thu,London,1.0694444444444444,0.5767634854771784,5,1.0,46.5,-6.5,0.13978494623655913,down,6,False
MNQ,2026-07-09,05:50,Thu,London,1.1342281879194631,0.658252427184466,4,0.7804878048780488,33.0,16.5,0.5,up,1,False
MNQ,2026-07-09,06:50,Thu,London,1.4841269841269842,0.489749430523918,3,1.0277777777777777,63.0,-16.0,0.25396825396825395,down,14,False
MNQ,2026-07-09,07:50,Thu,Premarket,1.23125,0.5687285223367697,4,1.0454545454545454,44.5,19.25,0.43258426966292135,up,16,False
MNQ,2026-07-09,08:50,Thu,Premarket,1.5821727019498608,0.4870775347912525,8,1.302325581395349,27.5,8.75,0.3181818181818182,up,16,False
MNQ,2026-07-09,09:50,Thu,NY AM,2.1639344262295084,0.38641875505254647,3,1.087378640776699,113.5,6.25,0.05506607929515418,up,0,False
MNQ,2026-07-09,10:50,Thu,NY AM,0.789049919484702,0.45855758880516684,2,0.84375,141.0,59.0,0.41843971631205673,up,4,False
MNQ,2026-07-09,11:50,Thu,NY AM,0.33727810650887574,0.5242537313432836,3,0.7894736842105263,46.75,10.25,0.2192513368983957,up,6,False
MNQ,2026-07-09,12:50,Thu,Lunch,0.7130434782608696,0.6117136659436009,4,0.9047619047619048,64.0,45.5,0.7109375,up,7,True
MNQ,2026-07-09,13:50,Thu,NY PM,0.8870967741935484,0.5323076923076923,3,1.3928571428571428,36.5,-0.5,0.0136986301369863,down,2,False
MNQ,2026-07-09,14:50,Thu,NY PM,0.9203539823008849,0.6774193548387096,2,1.4642857142857142,52.5,-34.0,0.6476190476190476,down,0,True
MNQ,2026-07-09,15:50,Thu,NY PM,0.8461538461538461,0.4962962962962963,2,0.7906976744186046,77.0,31.5,0.4090909090909091,up,4,False
MNQ,2026-07-10,18:50,Thu,Asia,,0.6017316017316018,6,1.4375,32.25,17.5,0.5426356589147286,up,12,False
MNQ,2026-07-10,19:50,Thu,Asia,1.5802469135802468,0.6505376344086021,8,1.5172413793103448,91.0,-39.75,0.4368131868131868,down,6,False
MNQ,2026-07-10,20:50,Thu,Asia,1.0084745762711864,0.5390781563126252,8,0.926829268292683,54.5,7.0,0.12844036697247707,up,0,False
MNQ,2026-07-10,21:50,Thu,Asia,0.8579234972677595,0.45905707196029777,4,1.1935483870967742,57.5,-18.75,0.32608695652173914,down,1,False
MNQ,2026-07-10,22:50,Thu,Asia,0.8322147651006712,0.5749318801089919,2,1.5416666666666667,36.25,22.75,0.6275862068965518,up,0,False
MNQ,2026-07-10,00:50,Fri,Asia,0.8764044943820225,0.536741214057508,2,1.48,38.5,-35.75,0.9285714285714286,down,0,True
MNQ,2026-07-10,01:50,Fri,Asia,1.2768361581920904,0.5688775510204082,3,0.9428571428571428,43.75,-26.5,0.6057142857142858,down,2,False
MNQ,2026-07-10,02:50,Fri,London,1.1210762331838564,0.5538922155688623,4,0.5897435897435898,35.25,-17.25,0.48936170212765956,down,2,False
MNQ,2026-07-10,03:50,Fri,London,0.9251101321585903,0.677115987460815,4,1.1481481481481481,52.25,-8.0,0.15311004784688995,down,1,False
MNQ,2026-07-10,04:50,Fri,London,1.1882845188284519,0.40816326530612246,3,0.925,82.25,-16.5,0.2006079027355623,down,2,False
MNQ,2026-07-10,05:50,Fri,London,0.6332046332046332,0.5066666666666667,4,1.2142857142857142,41.5,29.0,0.6987951807228916,up,5,False
MNQ,2026-07-10,06:50,Fri,London,0.8979591836734694,0.4924924924924925,3,0.8529411764705882,43.25,23.0,0.5317919075144508,up,5,False
MNQ,2026-07-10,07:50,Fri,Premarket,1.1027027027027028,0.6401028277634961,4,1.8333333333333333,68.5,-34.0,0.49635036496350365,down,2,False
MNQ,2026-07-10,08:50,Fri,Premarket,1.338403041825095,0.5045045045045045,3,1.0740740740740742,45.25,-21.5,0.47513812154696133,down,2,False
MNQ,2026-07-10,09:50,Fri,NY AM,4.006535947712418,0.44424131627056673,3,0.734375,64.5,19.75,0.3062015503875969,up,7,False
MNQ,2026-07-10,10:50,Fri,NY AM,1.0931174089068827,0.5601888276947286,3,0.8787878787878788,132.75,-41.75,0.3145009416195857,down,0,False
MNQ,2026-07-10,11:50,Fri,NY AM,1.0771604938271604,0.4610492845786963,3,0.904,86.5,60.0,0.6936416184971098,up,1,True
MNQ,2026-07-10,12:50,Fri,Lunch,0.34234234234234234,0.681265206812652,5,1.0,44.5,-18.25,0.4101123595505618,down,2,False
MNQ,2026-07-10,13:50,Fri,NY PM,0.43478260869565216,0.5942028985507246,3,0.9666666666666667,37.75,-11.25,0.2980132450331126,down,0,False
MNQ,2026-07-10,14:50,Fri,NY PM,0.5939849624060151,0.6357827476038339,3,0.6410256410256411,48.5,16.5,0.3402061855670103,up,0,False
MNQ,2026-07-10,15:50,Fri,NY PM,0.801980198019802,0.5471698113207547,3,0.875,41.75,-2.0,0.04790419161676647,down,0,False
MNQ,2026-07-13,18:50,Sun,Asia,,0.4899497487437186,4,1.1333333333333333,36.75,13.25,0.36054421768707484,up,1,False
MNQ,2026-07-13,19:50,Sun,Asia,1.8442622950819672,0.4803921568627451,4,2.2666666666666666,147.0,133.0,0.9047619047619048,up,0,True
MNQ,2026-07-13,20:50,Sun,Asia,1.5734265734265733,0.42717391304347824,3,1.0,74.25,-65.5,0.8821548821548821,down,1,True
MNQ,2026-07-13,21:50,Sun,Asia,1.191111111111111,0.599713055954089,2,1.1333333333333333,58.5,-33.75,0.5769230769230769,down,0,False
MNQ,2026-07-13,22:50,Sun,Asia,0.47342995169082125,0.5853174603174603,3,0.9583333333333334,83.5,-69.5,0.8323353293413174,down,0,True
MNQ,2026-07-13,00:50,Mon,Asia,0.5038759689922481,0.6337448559670782,4,0.8148148148148148,68.0,46.5,0.6838235294117647,up,10,True
MNQ,2026-07-13,01:50,Mon,Asia,1.4645161290322581,0.4003215434083601,3,0.9846153846153847,54.75,-19.75,0.3607305936073059,down,1,False
MNQ,2026-07-13,02:50,Mon,London,0.8226600985221675,0.4425287356321839,3,1.619047619047619,59.5,18.0,0.3025210084033613,up,11,False
MNQ,2026-07-13,03:50,Mon,London,0.6303724928366762,0.43478260869565216,2,1.125,56.25,34.75,0.6177777777777778,up,7,True
MNQ,2026-07-13,05:50,Mon,London,0.6607142857142857,0.48659003831417624,2,0.6875,37.0,-14.0,0.3783783783783784,down,10,False
MNQ,2026-07-13,06:50,Mon,London,1.3764705882352941,0.48220064724919093,2,1.7,53.75,13.25,0.24651162790697675,up,5,False
MNQ,2026-07-13,07:50,Mon,Premarket,1.4429223744292237,0.49081364829396323,3,1.3125,56.25,-34.0,0.6044444444444445,down,2,True
MNQ,2026-07-13,08:50,Mon,Premarket,1.3447098976109215,0.44798301486199577,7,0.660377358490566,46.25,15.0,0.32432432432432434,up,2,False
MNQ,2026-07-13,09:50,Mon,NY AM,2.2980132450331126,0.5532047293092719,4,1.0419580419580419,145.25,37.25,0.25645438898450945,up,1,False
MNQ,2026-07-13,10:50,Mon,NY AM,1.2199036918138042,0.4468267581475129,4,1.3875,124.75,0.5,0.004008016032064128,up,5,False
MNQ,2026-07-13,11:50,Mon,NY AM,0.8033240997229917,0.5515394912985274,5,1.3898305084745763,58.0,-18.25,0.3146551724137931,down,0,False
MNQ,2026-07-13,12:50,Mon,Lunch,0.9330708661417323,0.42872687704026113,3,0.7766990291262136,108.75,52.5,0.4827586206896552,up,0,False
MNQ,2026-07-13,13:50,Mon,NY PM,0.7217391304347827,0.5346534653465347,4,0.9833333333333333,71.25,14.5,0.20350877192982456,up,2,False
MNQ,2026-07-13,14:50,Mon,NY PM,0.5091743119266054,0.6316725978647687,3,1.2653061224489797,49.75,-30.5,0.6130653266331658,down,16,True
MNQ,2026-07-13,15:50,Mon,NY PM,1.5301204819277108,0.425,4,0.7017543859649122,55.75,-6.0,0.10762331838565023,down,9,False
MNQ,2026-07-14,18:50,Mon,Asia,,0.5316455696202531,5,2.0555555555555554,76.0,-60.25,0.7927631578947368,down,0,True
MNQ,2026-07-14,19:50,Mon,Asia,0.9718875502008032,0.6933333333333334,5,0.94,125.5,18.0,0.14342629482071714,up,18,False
MNQ,2026-07-14,20:50,Mon,Asia,1.7452574525745257,0.5505293551491819,6,0.9038461538461539,86.0,63.75,0.7412790697674418,up,0,True
MNQ,2026-07-14,21:50,Mon,Asia,0.7925117004680188,0.4592274678111588,5,1.2033898305084745,72.0,-33.25,0.4618055555555556,down,0,False
MNQ,2026-07-14,22:50,Mon,Asia,0.5544554455445545,0.5411985018726592,4,1.14,93.75,-85.75,0.9146666666666666,down,0,True
MNQ,2026-07-14,00:50,Tue,Asia,0.5848214285714286,0.6094117647058823,5,0.7727272727272727,55.25,28.75,0.5203619909502263,up,4,False
MNQ,2026-07-14,01:50,Tue,Asia,0.631578947368421,0.6177062374245473,3,1.0425531914893618,37.25,23.5,0.6308724832214765,up,0,False
MNQ,2026-07-14,02:50,Tue,London,1.026143790849673,0.505464480874317,3,1.1724137931034482,57.5,12.0,0.20869565217391303,up,10,False
MNQ,2026-07-14,03:50,Tue,London,1.2195121951219512,0.5106761565836299,4,1.2857142857142858,62.25,-39.25,0.6305220883534136,down,3,True
MNQ,2026-07-14,04:50,Tue,London,1.1003039513677813,0.45351473922902497,4,1.0789473684210527,53.5,25.5,0.4766355140186916,up,10,False
MNQ,2026-07-14,05:50,Tue,London,0.7963525835866262,0.5067750677506775,3,1.125,29.75,-9.0,0.3025210084033613,down,0,False
MNQ,2026-07-14,06:50,Tue,London,0.7183673469387755,0.5831062670299727,4,1.103448275862069,60.5,-40.25,0.6652892561983471,down,10,True
MNQ,2026-07-14,07:50,Tue,Premarket,1.359375,0.5234215885947047,4,1.441860465116279,76.5,-53.0,0.6928104575163399,down,3,True
MNQ,2026-07-14,08:50,Tue,Premarket,1.2676767676767677,0.5669456066945606,2,0.8775510204081632,54.75,-14.5,0.2648401826484018,down,18,False
MNQ,2026-07-14,09:50,Tue,NY AM,1.9906542056074767,0.5062166962699822,2,1.1019108280254777,167.5,-98.25,0.5865671641791045,down,10,False
MNQ,2026-07-14,10:50,Tue,NY AM,1.278061224489796,0.4972067039106145,3,1.2380952380952381,203.5,170.25,0.8366093366093366,up,0,True
MNQ,2026-07-14,11:50,Tue,NY AM,0.555045871559633,0.47692307692307695,3,0.4132231404958678,125.25,-80.75,0.6447105788423154,down,0,True
MNQ,2026-07-14,12:50,Tue,Lunch,0.7519083969465649,0.5553846153846154,4,1.152542372881356,43.25,34.5,0.7976878612716763,up,1,True
MNQ,2026-07-14,13:50,Tue,NY PM,0.6310160427807486,0.5150943396226415,3,1.2553191489361701,27.25,14.25,0.5229357798165137,up,10,False
MNQ,2026-07-14,14:50,Tue,NY PM,1.2622950819672132,0.456198347107438,4,0.8135593220338984,65.0,-27.75,0.4269230769230769,down,3,False
MNQ,2026-07-14,15:50,Tue,NY PM,1.054945054945055,0.5261845386533666,5,0.8571428571428571,63.0,-31.0,0.49206349206349204,down,3,False
MNQ,2026-07-15,18:50,Tue,Asia,,0.6702127659574468,3,0.9444444444444444,32.25,8.0,0.24806201550387597,up,12,False
MNQ,2026-07-15,19:50,Tue,Asia,1.35,0.5771812080536913,5,0.9111111111111111,62.25,-5.25,0.08433734939759036,down,7,False
MNQ,2026-07-15,20:50,Tue,Asia,1.7195571955719557,0.39233038348082594,4,0.5287356321839081,67.75,-6.5,0.0959409594095941,down,9,False
MNQ,2026-07-15,21:50,Tue,Asia,0.9948453608247423,0.4334470989761092,3,0.7916666666666666,61.75,46.5,0.7530364372469636,up,3,True
MNQ,2026-07-15,22:50,Tue,Asia,0.23369565217391305,0.4588744588744589,5,1.0909090909090908,25.5,-20.0,0.7843137254901961,down,0,False
MNQ,2026-07-15,00:50,Wed,Asia,0.5696969696969697,0.5583756345177665,5,1.05,67.5,18.0,0.26666666666666666,up,16,False
MNQ,2026-07-15,01:50,Wed,Asia,1.0569948186528497,0.48947368421052634,3,0.8823529411764706,59.5,38.0,0.6386554621848739,up,1,True
MNQ,2026-07-15,02:50,Wed,London,0.48034934497816595,0.6692015209125475,3,1.0384615384615385,55.0,18.25,0.33181818181818185,up,11,False
MNQ,2026-07-15,03:50,Wed,London,0.8879668049792531,0.5211267605633803,3,1.3103448275862069,85.75,-63.75,0.7434402332361516,down,3,True
MNQ,2026-07-15,04:50,Wed,London,1.2,0.46741573033707867,4,0.7291666666666666,42.0,25.5,0.6071428571428571,up,4,False
MNQ,2026-07-15,05:50,Wed,London,1.2261306532663316,0.48484848484848486,8,1.3333333333333333,30.0,-7.25,0.24166666666666667,down,0,False
MNQ,2026-07-15,06:50,Wed,London,0.7722772277227723,0.5426621160409556,4,1.0,41.5,19.5,0.46987951807228917,up,0,False
MNQ,2026-07-15,07:50,Wed,Premarket,1.462686567164179,0.5420289855072464,4,1.44,50.5,-20.0,0.39603960396039606,down,8,False
MNQ,2026-07-15,08:50,Wed,Premarket,2.19,0.43529411764705883,4,0.8095238095238095,32.25,-4.0,0.12403100775193798,down,17,False
MNQ,2026-07-15,09:50,Wed,NY AM,3.287878787878788,0.5290611028315947,6,0.9242424242424242,137.25,76.25,0.5555555555555556,up,1,False
MNQ,2026-07-15,10:50,Wed,NY AM,1.5691202872531418,0.40843214756258234,4,1.0408163265306123,77.5,13.0,0.16774193548387098,up,15,False
MNQ,2026-07-15,11:50,Wed,NY AM,0.8328840970350404,0.533816425120773,4,1.1025641025641026,120.75,-82.0,0.6790890269151139,down,10,True
MNQ,2026-07-15,12:50,Wed,Lunch,1.8330605564648117,0.48070469798657717,4,1.0126582278481013,99.5,74.5,0.7487437185929648,up,7,True
MNQ,2026-07-15,13:50,Wed,NY PM,1.0655021834061136,0.47339449541284406,7,1.1818181818181819,56.75,42.25,0.7444933920704846,up,1,True
MNQ,2026-07-15,14:50,Wed,NY PM,1.4705882352941178,0.5268505079825835,5,1.3653846153846154,74.0,-4.75,0.06418918918918919,down,16,False
MNQ,2026-07-15,15:50,Wed,NY PM,0.9556650246305419,0.5120274914089347,5,1.0377358490566038,83.75,37.0,0.4417910447761194,up,0,False
MNQ,2026-07-16,18:50,Wed,Asia,,0.3923611111111111,4,1.2,51.75,37.75,0.7294685990338164,up,5,True
MNQ,2026-07-16,20:50,Wed,Asia,0.8,0.5,4,1.0204081632653061,51.75,6.5,0.12560386473429952,up,0,False
MNQ,2026-07-16,21:50,Wed,Asia,1.5910364145658262,0.4112627986348123,5,1.511111111111111,66.0,-53.25,0.8068181818181818,down,6,True
MNQ,2026-07-16,22:50,Wed,Asia,1.0222222222222221,0.6070686070686071,5,0.7021276595744681,50.25,46.75,0.9303482587064676,up,0,True
MNQ,2026-07-16,00:50,Thu,Asia,0.56,0.5579937304075235,3,0.6,23.5,0.0,0.0,up,1,False
MNQ,2026-07-16,01:50,Thu,Asia,2.1047120418848166,0.6306620209059234,3,0.6764705882352942,93.25,26.5,0.28418230563002683,up,18,False
MNQ,2026-07-16,02:50,Thu,London,0.5363408521303258,0.422279792746114,3,1.0588235294117647,56.75,-32.25,0.5682819383259912,down,6,False
MNQ,2026-07-16,03:50,Thu,London,0.6288659793814433,0.5581395348837209,5,1.0975609756097562,61.5,-54.0,0.8780487804878049,down,0,True
MNQ,2026-07-16,04:50,Thu,London,1.2111801242236024,0.48822269807280516,4,0.8723404255319149,47.25,19.0,0.4021164021164021,up,2,False
MNQ,2026-07-16,05:50,Thu,London,1.0903225806451613,0.5023364485981309,5,1.2941176470588236,69.25,-8.25,0.11913357400722022,down,5,False
MNQ,2026-07-16,06:50,Thu,London,0.7548387096774194,0.6105527638190955,3,1.2564102564102564,74.75,-35.25,0.47157190635451507,down,9,False
MNQ,2026-07-16,07:50,Thu,Premarket,2.511627906976744,0.49544419134396356,2,1.2222222222222223,76.5,26.75,0.34967320261437906,up,0,False
MNQ,2026-07-16,08:50,Thu,Premarket,0.6877828054298643,0.7107142857142857,4,1.2115384615384615,62.0,51.25,0.8266129032258065,up,1,True
MNQ,2026-07-16,09:50,Thu,NY AM,2.7975206611570247,0.6225609756097561,3,0.547945205479452,237.25,207.5,0.8746048472075869,up,5,True
MNQ,2026-07-16,10:50,Thu,NY AM,0.810077519379845,0.6489795918367347,4,1.043956043956044,96.75,-47.0,0.48578811369509045,down,10,False
MNQ,2026-07-16,11:50,Thu,NY AM,1.145945945945946,0.35890151515151514,3,1.075268817204301,123.25,-51.5,0.4178498985801217,down,2,False
MNQ,2026-07-16,12:50,Thu,Lunch,0.7046979865771812,0.6941176470588235,4,0.9142857142857143,79.75,39.5,0.4952978056426332,up,0,False
MNQ,2026-07-16,13:50,Thu,NY PM,0.8461538461538461,0.5121621621621621,4,1.2727272727272727,46.5,-21.75,0.46774193548387094,down,3,False
MNQ,2026-07-16,14:50,Thu,NY PM,1.018348623853211,0.5836627140974967,3,0.7974683544303798,70.5,-59.75,0.8475177304964538,down,0,True
MNQ,2026-07-16,15:50,Thu,NY PM,1.5721153846153846,0.473474801061008,3,0.810126582278481,141.0,88.25,0.625886524822695,up,0,True
MNQ,2026-07-17,18:50,Thu,Asia,,0.41728395061728396,3,1.1666666666666667,35.0,-14.0,0.4,down,8,False
MNQ,2026-07-17,19:50,Thu,Asia,1.1586715867158672,0.39889705882352944,6,1.7777777777777777,70.75,-32.5,0.45936395759717313,down,11,False
MNQ,2026-07-17,20:50,Thu,Asia,1.164983164983165,0.5386100386100386,2,1.1333333333333333,76.75,20.25,0.26384364820846906,up,0,False
MNQ,2026-07-17,21:50,Thu,Asia,1.1348314606741574,0.4526627218934911,4,1.3103448275862069,40.75,-9.75,0.2392638036809816,down,10,False
MNQ,2026-07-17,22:50,Thu,Asia,0.7823343848580442,0.4074074074074074,3,1.0681818181818181,63.25,38.0,0.6007905138339921,up,5,True
MNQ,2026-07-17,00:50,Fri,Asia,1.223529411764706,0.46254681647940077,3,1.0833333333333333,54.0,-18.25,0.33796296296296297,down,5,False
MNQ,2026-07-17,01:50,Fri,Asia,1.3195876288659794,0.4147339699863574,2,1.09375,53.0,-32.0,0.6037735849056604,down,14,True
MNQ,2026-07-17,02:50,Fri,London,0.8831168831168831,0.4050179211469534,3,1.0196078431372548,41.5,-16.5,0.39759036144578314,down,14,False
MNQ,2026-07-17,03:50,Fri,London,0.8883116883116883,0.5679389312977099,3,1.09375,56.0,0.75,0.013392857142857142,up,10,False
MNQ,2026-07-17,04:50,Fri,London,1.2789473684210526,0.607085346215781,6,0.9,69.25,55.0,0.7942238267148014,up,3,True
MNQ,2026-07-17,05:50,Fri,London,0.6306306306306306,0.5524956970740104,3,1.0754716981132075,52.25,50.75,0.9712918660287081,up,0,True
MNQ,2026-07-17,06:50,Fri,London,0.6697892271662763,0.6401515151515151,3,1.1153846153846154,59.0,-45.5,0.7711864406779662,down,10,True
MNQ,2026-07-17,07:50,Fri,Premarket,0.9968847352024922,0.6146245059288538,3,0.8775510204081632,78.75,-58.25,0.7396825396825397,down,4,True
MNQ,2026-07-17,08:50,Fri,Premarket,1.1388888888888888,0.5382113821138211,5,1.1020408163265305,61.0,-24.25,0.3975409836065574,down,6,False
MNQ,2026-07-17,09:50,Fri,NY AM,2.770186335403727,0.5981152993348116,3,1.092485549132948,331.25,310.25,0.9366037735849057,up,0,True
MNQ,2026-07-17,10:50,Fri,NY AM,1.4237762237762237,0.42993197278911566,4,1.3983739837398375,137.75,-58.5,0.4246823956442831,down,2,False
MNQ,2026-07-17,11:50,Fri,NY AM,0.7170675830469645,0.4634146341463415,3,0.7238805970149254,154.0,91.5,0.5941558441558441,up,0,False
MNQ,2026-07-17,12:50,Fri,Lunch,1.1424541607898449,0.4816568047337278,4,0.45161290322580644,78.5,37.0,0.4713375796178344,up,8,False
MNQ,2026-07-17,13:50,Fri,NY PM,0.6076388888888888,0.516260162601626,3,0.9838709677419355,97.0,-87.5,0.9020618556701031,down,0,True
MNQ,2026-07-17,14:50,Fri,NY PM,1.0681818181818181,0.5033557046979866,5,1.4848484848484849,76.0,-31.25,0.41118421052631576,down,5,False
MNQ,2026-07-17,15:50,Fri,NY PM,1.1590909090909092,0.6574889867841409,3,0.7631578947368421,141.25,-91.0,0.6442477876106195,down,1,True
MNQ,2026-07-20,18:50,Sun,Asia,,0.4605873261205564,4,1.1272727272727272,50.25,-5.5,0.10945273631840796,down,1,False
MNQ,2026-07-20,19:50,Sun,Asia,1.0789473684210527,0.4656679151061174,3,1.5416666666666667,133.5,97.0,0.7265917602996255,up,11,True
MNQ,2026-07-20,20:50,Sun,Asia,1.6392572944297081,0.4616228070175439,4,1.4794520547945205,63.0,21.5,0.3412698412698413,up,14,False
MNQ,2026-07-20,21:50,Sun,Asia,1.0152505446623095,0.5655080213903744,4,1.0289855072463767,125.5,55.5,0.44223107569721115,up,6,False
MNQ,2026-07-20,22:50,Sun,Asia,1.2289156626506024,0.4166666666666667,4,0.9866666666666667,83.75,-59.75,0.7134328358208956,down,0,True
MNQ,2026-07-20,00:50,Mon,Asia,0.7319587628865979,0.559322033898305,2,0.5,99.5,-86.75,0.871859296482412,down,1,True
MNQ,2026-07-20,01:50,Mon,Asia,0.5654450261780105,0.6152416356877324,2,0.875,36.75,-18.0,0.4897959183673469,down,10,False
MNQ,2026-07-20,02:50,Mon,London,1.2537313432835822,0.2890625,2,0.5671641791044776,53.75,30.75,0.5720930232558139,up,9,False
MNQ,2026-07-20,03:50,Mon,London,1.4216867469879517,0.5693069306930693,3,1.1956521739130435,55.25,12.25,0.22171945701357465,up,1,False
MNQ,2026-07-20,04:50,Mon,London,0.64,0.5333333333333333,5,0.8,36.0,-12.75,0.3541666666666667,down,1,False
MNQ,2026-07-20,05:50,Mon,London,1.3356890459363957,0.5152354570637119,6,1.2424242424242424,70.25,-31.5,0.4483985765124555,down,2,False
MNQ,2026-07-20,06:50,Mon,London,1.0364372469635628,0.6085858585858586,3,1.0606060606060606,44.5,34.0,0.7640449438202247,up,0,True
MNQ,2026-07-20,07:50,Mon,Premarket,1.5060728744939271,0.6030664395229983,8,0.7619047619047619,104.5,-45.75,0.43779904306220097,down,4,False
MNQ,2026-07-20,08:50,Mon,Premarket,1.193103448275862,0.47534516765285995,5,0.7884615384615384,54.5,4.25,0.0779816513761468,up,5,False
MNQ,2026-07-20,09:50,Mon,NY AM,1.9935483870967743,0.5242105263157895,5,0.9494949494949495,170.25,-109.75,0.644640234948605,down,0,True
MNQ,2026-07-20,10:50,Mon,NY AM,1.2359932088285228,0.5054151624548736,3,1.188034188034188,115.0,58.5,0.508695652173913,up,10,False
MNQ,2026-07-20,11:50,Mon,NY AM,0.7322580645161291,0.5350978135788262,3,0.8404255319148937,132.25,118.25,0.8941398865784499,up,0,True
MNQ,2026-07-20,12:50,Mon,Lunch,1.8208409506398537,0.5623471882640587,4,0.5714285714285714,114.0,-83.0,0.7280701754385965,down,0,True
MNQ,2026-07-20,13:50,Mon,NY PM,0.9311064718162839,0.4811320754716981,4,0.9841269841269841,51.75,43.0,0.8309178743961353,up,6,True
MNQ,2026-07-20,14:50,Mon,NY PM,1.0383747178329572,0.5244755244755245,5,0.7662337662337663,71.5,-22.5,0.3146853146853147,down,4,False
MNQ,2026-07-20,15:50,Mon,NY PM,0.9571106094808126,0.4488095238095238,2,1.0277777777777777,100.0,-95.25,0.9525,down,0,True
MNQ,2026-07-21,18:50,Mon,Asia,,0.6622950819672131,4,1.2692307692307692,68.75,60.5,0.88,up,10,True
MNQ,2026-07-21,19:50,Mon,Asia,1.2444444444444445,0.4637096774193548,2,2.3333333333333335,96.5,-76.25,0.7901554404145078,down,0,True
MNQ,2026-07-21,20:50,Mon,Asia,0.9617486338797814,0.5960264900662252,4,1.1607142857142858,73.0,9.75,0.13356164383561644,up,12,False
MNQ,2026-07-21,21:50,Mon,Asia,1.005586592178771,0.5111492281303602,6,1.1764705882352942,68.75,-6.25,0.09090909090909091,down,16,False
MNQ,2026-07-21,22:50,Mon,Asia,0.5309734513274337,0.5431309904153354,4,1.25,46.75,30.75,0.6577540106951871,up,3,True
MNQ,2026-07-21,00:50,Tue,Asia,0.8432432432432433,0.5513307984790875,3,0.88,25.25,-20.75,0.8217821782178217,down,0,False
MNQ,2026-07-21,01:50,Tue,Asia,1.3333333333333333,0.43914081145584727,3,0.7441860465116279,41.5,30.5,0.7349397590361446,up,0,True
MNQ,2026-07-21,02:50,Tue,London,0.8097165991902834,0.4143646408839779,3,1.2666666666666666,27.0,-11.25,0.4166666666666667,down,13,False
MNQ,2026-07-21,03:50,Tue,London,0.9959514170040485,0.5518394648829431,2,0.9523809523809523,48.75,39.0,0.8,up,1,True
MNQ,2026-07-21,04:50,Tue,London,0.9205020920502092,0.46195652173913043,4,0.90625,27.0,15.0,0.5555555555555556,up,3,False
MNQ,2026-07-21,05:50,Tue,London,1.0755555555555556,0.4768211920529801,3,1.1071428571428572,30.75,-24.0,0.7804878048780488,down,12,False
MNQ,2026-07-21,06:50,Tue,London,1.1441048034934498,0.5025641025641026,3,1.3333333333333333,49.75,-44.75,0.8994974874371859,down,10,True
MNQ,2026-07-21,07:50,Tue,Premarket,0.8412698412698413,0.5608974358974359,3,0.7575757575757576,45.5,3.5,0.07692307692307693,up,7,False
MNQ,2026-07-21,08:50,Tue,Premarket,1.9703703703703703,0.49056603773584906,4,1.0545454545454545,30.75,-7.0,0.22764227642276422,down,4,False
MNQ,2026-07-21,09:50,Tue,NY AM,3.003831417624521,0.6336633663366337,3,0.785234899328859,116.25,-63.25,0.5440860215053763,down,10,False
MNQ,2026-07-21,10:50,Tue,NY AM,1.2491803278688525,0.45144628099173556,4,0.8761904761904762,100.5,46.0,0.4577114427860697,up,15,False
MNQ,2026-07-21,11:50,Tue,NY AM,0.37517241379310345,0.5608365019011406,5,0.8909090909090909,73.75,20.0,0.2711864406779661,up,10,False
MNQ,2026-07-21,12:50,Tue,Lunch,0.6031746031746031,0.6335227272727273,3,0.7368421052631579,34.5,23.0,0.6666666666666666,up,0,False
MNQ,2026-07-21,13:50,Tue,NY PM,0.9908256880733946,0.5121951219512195,4,1.7142857142857142,31.25,-6.25,0.2,down,0,False
MNQ,2026-07-21,14:50,Tue,NY PM,1.4851485148514851,0.5907928388746803,7,0.8780487804878049,37.25,-29.5,0.7919463087248322,down,0,False
MNQ,2026-07-21,15:50,Tue,NY PM,0.9252336448598131,0.532967032967033,3,1.1875,66.5,-35.75,0.5375939849624061,down,4,False
MNQ,2026-07-22,18:50,Tue,Asia,,0.5765124555160143,6,0.6538461538461539,21.5,11.75,0.5465116279069767,up,4,False
MNQ,2026-07-22,19:50,Tue,Asia,0.9846153846153847,0.6239316239316239,5,1.5217391304347827,70.0,35.25,0.5035714285714286,up,3,False
MNQ,2026-07-22,20:50,Tue,Asia,1.2868852459016393,0.554639175257732,3,1.8709677419354838,61.5,-36.5,0.5934959349593496,down,10,False
MNQ,2026-07-22,21:50,Tue,Asia,1.4402985074626866,0.453027139874739,7,0.782608695652174,68.25,-41.5,0.608058608058608,down,2,True
MNQ,2026-07-22,22:50,Tue,Asia,0.6494464944649446,0.42857142857142855,2,0.9736842105263158,47.25,-43.75,0.9259259259259259,down,0,True
MNQ,2026-07-22,00:50,Wed,Asia,0.7789473684210526,0.5174603174603175,2,1.28,42.5,-24.0,0.5647058823529412,down,10,False
MNQ,2026-07-22,02:50,Wed,London,1.4274809160305344,0.46900269541778977,6,1.25,52.5,-2.75,0.05238095238095238,down,4,False
MNQ,2026-07-22,03:50,Wed,London,1.106951871657754,0.5239616613418531,5,0.5846153846153846,68.75,46.75,0.68,up,10,True
MNQ,2026-07-22,04:50,Wed,London,0.6418338108882522,0.4841075794621027,2,0.7380952380952381,63.75,42.25,0.6627450980392157,up,1,True
MNQ,2026-07-22,05:50,Wed,London,0.704,0.6144578313253012,4,0.7073170731707317,70.75,18.0,0.254416961130742,up,3,False
MNQ,2026-07-22,06:50,Wed,London,1.217741935483871,0.3816155988857939,5,1.103448275862069,43.25,-33.5,0.7745664739884393,down,0,True
MNQ,2026-07-22,07:50,Wed,Premarket,2.125461254612546,0.41816009557945044,5,0.2713178294573643,49.0,-37.0,0.7551020408163265,down,1,True
MNQ,2026-07-22,08:50,Wed,Premarket,1.6325088339222615,0.4135188866799205,2,2.0,99.75,40.0,0.40100250626566414,up,6,False
MNQ,2026-07-22,09:50,Wed,NY AM,1.9941690962099126,0.5577841451766953,5,1.1764705882352942,132.25,50.5,0.3818525519848771,up,0,False
MNQ,2026-07-22,10:50,Wed,NY AM,0.9289827255278311,0.536,2,1.180722891566265,121.0,68.25,0.5640495867768595,up,5,False
MNQ,2026-07-22,11:50,Wed,NY AM,0.5606361829025845,0.5017301038062284,3,0.9473684210526315,36.5,21.5,0.589041095890411,up,5,False
MNQ,2026-07-22,12:50,Wed,Lunch,0.8571428571428571,0.4896907216494845,4,1.2258064516129032,50.25,37.75,0.7512437810945274,up,0,True
MNQ,2026-07-22,13:50,Wed,NY PM,1.1478260869565218,0.5391566265060241,4,0.9411764705882353,56.0,-36.5,0.6517857142857143,down,1,True
MNQ,2026-07-22,14:50,Wed,NY PM,0.8262548262548263,0.39303482587064675,2,0.8888888888888888,34.75,13.25,0.381294964028777,up,0,False
MNQ,2026-07-22,15:50,Wed,NY PM,1.0687022900763359,0.6094808126410836,4,0.9777777777777777,127.0,-68.25,0.5374015748031497,down,0,False
MNQ,2026-07-23,18:50,Wed,Asia,,0.5555555555555556,2,1.1142857142857143,59.0,-29.0,0.4915254237288136,down,6,False
MNQ,2026-07-23,19:50,Wed,Asia,2.066666666666667,0.44171779141104295,5,1.65625,55.0,37.75,0.6863636363636364,up,3,True
MNQ,2026-07-23,20:50,Wed,Asia,0.5106382978723404,0.6004672897196262,2,0.8095238095238095,51.0,12.75,0.25,up,0,False
MNQ,2026-07-23,21:50,Wed,Asia,0.8838709677419355,0.5117117117117117,3,0.875,53.25,-5.0,0.09389671361502347,down,5,False
MNQ,2026-07-23,22:50,Wed,Asia,0.8838709677419355,0.39462809917355374,3,1.368421052631579,53.0,-16.25,0.30660377358490565,down,8,False
MNQ,2026-07-23,00:50,Thu,Asia,0.9527027027027027,0.43847874720357943,5,1.3414634146341464,22.75,-14.75,0.6483516483516484,down,0,False
MNQ,2026-07-23,01:50,Thu,Asia,1.5430711610486891,0.3645621181262729,3,0.9423076923076923,41.5,-24.75,0.5963855421686747,down,1,False
MNQ,2026-07-23,02:50,Thu,London,1.1586715867158672,0.3839080459770115,3,1.1176470588235294,90.5,-84.25,0.930939226519337,down,0,True
MNQ,2026-07-23,03:50,Thu,London,1.4620253164556962,0.4228295819935691,3,0.8529411764705882,101.75,93.0,0.914004914004914,up,0,True
MNQ,2026-07-23,04:50,Thu,London,0.6438746438746439,0.46120689655172414,4,0.5230769230769231,92.25,57.0,0.6178861788617886,up,0,True
MNQ,2026-07-23,05:50,Thu,London,0.45482866043613707,0.5030674846625767,3,1.0,34.0,-25.75,0.7573529411764706,down,3,False
MNQ,2026-07-23,06:50,Thu,London,1.0316742081447965,0.5555555555555556,4,0.7317073170731707,73.0,-64.75,0.886986301369863,down,5,True
MNQ,2026-07-23,07:50,Thu,Premarket,0.864,0.5651438240270727,3,0.9384615384615385,68.5,-13.75,0.20072992700729927,down,2,False
MNQ,2026-07-23,08:50,Thu,Premarket,1.0689655172413792,0.40455531453362253,4,1.0116279069767442,80.0,-57.75,0.721875,down,3,True
MNQ,2026-07-23,09:50,Thu,NY AM,2.665024630541872,0.4721242060691602,6,1.5137614678899083,157.75,-42.75,0.27099841521394613,down,5,False
MNQ,2026-07-23,10:50,Thu,NY AM,1.7803138373751783,0.5382532159783344,4,0.5906735751295337,121.25,-101.5,0.8371134020618557,down,0,True
MNQ,2026-07-23,11:50,Thu,NY AM,0.6488888888888888,0.6139846743295019,3,1.0206185567010309,124.0,100.5,0.8104838709677419,up,0,True
MNQ,2026-07-23,12:50,Thu,Lunch,1.3027823240589198,0.40248447204968946,3,1.125,75.0,-11.0,0.14666666666666667,down,10,False
MNQ,2026-07-23,13:50,Thu,NY PM,0.9215686274509803,0.6741573033707865,3,1.1076923076923078,86.25,-73.75,0.855072463768116,down,2,True
MNQ,2026-07-23,14:50,Thu,NY PM,0.6903553299492385,0.4910394265232975,4,0.98,63.5,-55.5,0.8740157480314961,down,0,True
MNQ,2026-07-23,15:50,Thu,NY PM,1.246684350132626,0.4652317880794702,3,1.2745098039215685,228.75,215.5,0.9420765027322404,up,0,True
MNQ,2026-07-24,18:50,Thu,Asia,,0.5675675675675675,8,0.8285714285714286,43.75,6.25,0.14285714285714285,up,18,False
MNQ,2026-07-24,19:50,Thu,Asia,1.337620578778135,0.496996996996997,2,1.1147540983606556,97.0,-44.0,0.4536082474226804,down,11,False
MNQ,2026-07-24,20:50,Thu,Asia,0.8862275449101796,0.5175808720112518,2,0.8142857142857143,75.25,17.5,0.23255813953488372,up,5,False
MNQ,2026-07-24,21:50,Thu,Asia,0.915068493150685,0.5529801324503312,3,0.6811594202898551,58.25,-26.75,0.4592274678111588,down,5,False
MNQ,2026-07-24,22:50,Thu,Asia,0.7331378299120235,0.5678733031674208,2,1.4864864864864864,33.0,-12.25,0.3712121212121212,down,1,False
MNQ,2026-07-24,00:50,Fri,Asia,0.75,0.5054229934924078,4,1.15,73.5,58.5,0.7959183673469388,up,0,True
MNQ,2026-07-24,01:50,Fri,Asia,1.2213740458015268,0.48034934497816595,4,1.0909090909090908,80.0,-71.25,0.890625,down,0,True
MNQ,2026-07-24,02:50,Fri,London,1.7039473684210527,0.3425287356321839,6,1.0476190476190477,113.5,112.0,0.986784140969163,up,0,True
MNQ,2026-07-24,03:50,Fri,London,0.49740932642487046,0.5777262180974478,3,0.8636363636363636,59.0,-50.25,0.8516949152542372,down,0,True
MNQ,2026-07-24,04:50,Fri,London,0.6628242074927954,0.5746268656716418,4,1.1111111111111112,70.5,57.25,0.8120567375886525,up,10,True
MNQ,2026-07-24,05:50,Fri,London,0.5683453237410072,0.5786516853932584,4,0.972972972972973,42.5,-13.75,0.3235294117647059,down,10,False
MNQ,2026-07-24,06:50,Fri,London,0.6582278481012658,0.5102040816326531,3,1.1290322580645162,35.25,-10.0,0.28368794326241137,down,17,False
MNQ,2026-07-24,07:50,Fri,Premarket,1.316326530612245,0.45454545454545453,3,1.2424242424242424,98.0,59.0,0.6020408163265306,up,6,True
MNQ,2026-07-24,08:50,Fri,Premarket,1.1171875,0.5856777493606138,5,1.0555555555555556,58.0,-39.75,0.6853448275862069,down,1,True
MNQ,2026-07-24,09:50,Fri,NY AM,2.1165644171779143,0.5844357976653697,3,1.0578512396694215,196.5,-72.5,0.36895674300254455,down,0,False
MNQ,2026-07-24,10:50,Fri,NY AM,0.6976744186046512,0.5125786163522013,2,1.5769230769230769,167.25,43.25,0.2585949177877429,up,3,False
MNQ,2026-07-24,11:50,Fri,NY AM,0.7246376811594203,0.5328753680078508,4,0.8508771929824561,115.25,100.75,0.8741865509761388,up,0,True
MNQ,2026-07-24,12:50,Fri,Lunch,0.7247706422018348,0.5193452380952381,3,1.3166666666666667,77.75,-46.25,0.594855305466238,down,8,False
MNQ,2026-07-24,13:50,Fri,NY PM,0.606425702811245,0.5126984126984127,2,1.305084745762712,58.25,-34.5,0.592274678111588,down,1,False
MNQ,2026-07-24,14:50,Fri,NY PM,1.1157894736842104,0.44696969696969696,3,1.1549295774647887,103.75,-73.5,0.708433734939759,down,11,True
MNQ,2026-07-24,15:50,Fri,NY PM,0.9285714285714286,0.5467800729040098,3,1.013157894736842,80.25,-1.75,0.021806853582554516,down,11,False
MNQ,2026-07-27,18:50,Sun,Asia,,0.64453125,3,0.9642857142857143,43.5,13.75,0.3160919540229885,up,14,False
MNQ,2026-07-27,19:50,Sun,Asia,2.4504504504504503,0.3707865168539326,4,1.794871794871795,117.5,-59.5,0.5063829787234042,down,9,False
MNQ,2026-07-27,20:50,Sun,Asia,0.6684636118598383,0.35942492012779553,2,1.3454545454545455,66.0,-13.25,0.20075757575757575,down,2,False
MNQ,2026-07-27,21:50,Sun,Asia,0.8164948453608247,0.3935643564356436,3,0.7553191489361702,53.25,12.0,0.22535211267605634,up,1,False
MNQ,2026-07-27,22:50,Sun,Asia,0.8587257617728532,0.5614035087719298,3,1.2941176470588236,38.75,-10.5,0.2709677419354839,down,12,False
MNQ,2026-07-27,00:50,Mon,Asia,0.4726027397260274,0.49865229110512127,3,0.7804878048780488,26.75,14.75,0.5514018691588785,up,10,False
MNQ,2026-07-27,01:50,Mon,Asia,0.6909090909090909,0.6857142857142857,4,0.9666666666666667,38.75,33.0,0.8516129032258064,up,1,True
MNQ,2026-07-27,02:50,Mon,London,0.8588235294117647,0.5378151260504201,4,0.84,45.0,10.75,0.2388888888888889,up,1,False
MNQ,2026-07-27,03:50,Mon,London,1.1977401129943503,0.3617511520737327,3,1.0512820512820513,42.25,-11.25,0.26627218934911245,down,13,False
MNQ,2026-07-27,04:50,Mon,London,0.865546218487395,0.6246056782334385,3,0.7931034482758621,29.25,-3.5,0.11965811965811966,down,8,False
MNQ,2026-07-27,05:50,Mon,London,1.1100478468899522,0.5154639175257731,3,1.7272727272727273,22.25,-15.25,0.6853932584269663,down,1,False
MNQ,2026-07-27,06:50,Mon,London,0.9673202614379085,0.5444015444015444,3,0.8888888888888888,46.75,-35.75,0.7647058823529411,down,5,True
MNQ,2026-07-27,07:50,Mon,Premarket,1.3987730061349692,0.5894428152492669,2,0.8214285714285714,38.75,10.75,0.27741935483870966,up,4,False
MNQ,2026-07-27,08:50,Mon,Premarket,1.3027522935779816,0.4945054945054945,6,1.1515151515151516,54.75,-27.0,0.4931506849315068,down,10,False
MNQ,2026-07-27,09:50,Mon,NY AM,3.5864406779661016,0.5136446331109763,2,1.0419580419580419,227.25,-139.75,0.6149614961496149,down,2,True
MNQ,2026-07-27,10:50,Mon,NY AM,1.3571428571428572,0.5277161862527716,3,0.8454106280193237,136.75,87.5,0.6398537477148081,up,0,True
MNQ,2026-07-27,11:50,Mon,NY AM,0.48636859323882226,0.6337412587412588,2,0.824,137.5,111.0,0.8072727272727273,up,0,True
MNQ,2026-07-27,12:50,Mon,Lunch,0.6070588235294118,0.5304878048780488,5,1.173913043478261,123.5,-101.25,0.819838056680162,down,0,True
MNQ,2026-07-27,13:50,Mon,NY PM,0.6273830155979203,0.5039727582292849,3,1.170731707317073,95.5,64.5,0.675392670157068,up,0,True
MNQ,2026-07-27,14:50,Mon,NY PM,1.3583333333333334,0.5046632124352332,3,1.1095890410958904,154.5,141.25,0.9142394822006472,up,0,True
MNQ,2026-07-27,15:50,Mon,NY PM,0.8869565217391304,0.5723514211886305,3,0.926829268292683,61.5,11.5,0.18699186991869918,up,5,False
MNQ,2026-07-28,18:50,Mon,Asia,,0.5855614973262032,2,1.0909090909090908,47.25,-9.25,0.19576719576719576,down,16,False
MNQ,2026-07-28,19:50,Mon,Asia,0.8849557522123894,0.591743119266055,2,2.6363636363636362,71.25,10.75,0.15087719298245614,up,0,False
MNQ,2026-07-28,20:50,Mon,Asia,1.7515923566878981,0.4993324432576769,3,0.8481012658227848,96.0,-71.25,0.7421875,down,7,True
MNQ,2026-07-28,21:50,Mon,Asia,0.8464912280701754,0.44079885877318115,4,0.6235294117647059,100.75,-85.0,0.8436724565756824,down,0,True
MNQ,2026-07-28,22:50,Mon,Asia,0.4636118598382749,0.572938689217759,2,0.9787234042553191,65.75,-29.25,0.4448669201520912,down,3,False
MNQ,2026-07-28,01:50,Tue,Asia,0.8888888888888888,0.49375,4,0.7454545454545455,71.0,-52.25,0.7359154929577465,down,1,True
MNQ,2026-07-28,02:50,Tue,London,0.8958990536277602,0.4447004608294931,2,1.175,73.75,64.25,0.8711864406779661,up,0,True
MNQ,2026-07-28,03:50,Tue,London,1.3929712460063899,0.46808510638297873,6,1.3555555555555556,59.5,-22.25,0.3739495798319328,down,2,False
MNQ,2026-07-28,04:50,Tue,London,0.856396866840731,0.6362098138747885,3,1.0851063829787233,49.0,-15.75,0.32142857142857145,down,0,False
MNQ,2026-07-28,05:50,Tue,London,0.5421052631578948,0.5123287671232877,3,0.65,39.25,-11.75,0.29936305732484075,down,0,False
MNQ,2026-07-28,06:50,Tue,London,1.364620938628159,0.4021164021164021,3,0.7301587301587301,71.5,-41.0,0.5734265734265734,down,5,False
MNQ,2026-07-28,07:50,Tue,Premarket,1.6473988439306357,0.4840182648401826,7,1.25,103.25,69.75,0.6755447941888619,up,0,True
MNQ,2026-07-28,08:50,Tue,Premarket,1.2131782945736433,0.5897790055248618,6,0.6875,53.75,9.75,0.1813953488372093,up,13,False
MNQ,2026-07-28,09:50,Tue,NY AM,2.8294573643410854,0.3640256959314775,3,1.0120481927710843,157.5,-82.0,0.5206349206349207,down,0,False
MNQ,2026-07-28,10:50,Tue,NY AM,1.382746051032807,0.39089481946624804,4,1.3693693693693694,125.25,-24.5,0.19560878243512975,down,3,False
MNQ,2026-07-28,11:50,Tue,NY AM,0.6390403489640131,0.4766977363515313,4,0.8170731707317073,61.75,-37.25,0.6032388663967612,down,11,True
MNQ,2026-07-28,12:50,Tue,Lunch,0.721830985915493,0.3734806629834254,3,1.0,97.5,-29.75,0.30512820512820515,down,3,False
MNQ,2026-07-28,13:50,Tue,NY PM,1.1428571428571428,0.5133079847908745,5,1.0256410256410255,75.25,-34.75,0.46179401993355484,down,10,False
MNQ,2026-07-28,14:50,Tue,NY PM,1.0138248847926268,0.5460030165912518,4,1.0161290322580645,83.0,23.75,0.286144578313253,up,5,False
MNQ,2026-07-28,15:50,Tue,NY PM,0.7131367292225201,0.6200716845878136,2,1.326086956521739,104.5,-46.75,0.4473684210526316,down,4,False
MNQ,2026-07-29,18:50,Tue,Asia,,0.4027586206896552,4,1.6595744680851063,105.0,-76.75,0.7309523809523809,down,2,True
MNQ,2026-07-29,19:50,Tue,Asia,2.3108974358974357,0.336109008327025,4,1.3863636363636365,131.5,79.75,0.6064638783269962,up,2,True
MNQ,2026-07-29,20:50,Tue,Asia,0.6987179487179487,0.505933117583603,2,0.9146341463414634,89.5,-63.75,0.7122905027932961,down,3,True
MNQ,2026-07-29,21:50,Tue,Asia,1.4079696394686907,0.4231601731601732,6,1.3125,100.75,-20.5,0.20347394540942929,down,0,False
MNQ,2026-07-29,22:50,Tue,Asia,0.7348993288590604,0.5477477477477477,6,1.0714285714285714,85.75,14.75,0.17201166180758018,up,14,False
MNQ,2026-07-29,00:50,Wed,Asia,0.9517819706498952,0.5568326947637292,3,1.0,157.75,148.5,0.9413629160063391,up,0,True
MNQ,2026-07-29,01:50,Wed,Asia,0.6902286902286903,0.5945558739255015,3,0.7125,101.5,-77.5,0.7635467980295566,down,1,True
MNQ,2026-07-29,02:50,Wed,London,0.6004228329809725,0.399624765478424,3,1.183673469387755,48.75,9.0,0.18461538461538463,up,11,False
MNQ,2026-07-29,03:50,Wed,London,0.9247311827956989,0.4719626168224299,2,0.8235294117647058,42.75,-14.25,0.3333333333333333,down,12,False
MNQ,2026-07-29,04:50,Wed,London,1.4210526315789473,0.492845786963434,3,1.2222222222222223,71.25,30.75,0.43157894736842106,up,9,False
MNQ,2026-07-29,05:50,Wed,London,1.4127906976744187,0.48990825688073397,3,1.1296296296296295,55.25,-13.0,0.23529411764705882,down,2,False
MNQ,2026-07-29,06:50,Wed,London,0.8328445747800587,0.48237476808905383,3,1.4857142857142858,64.0,28.75,0.44921875,up,16,False
MNQ,2026-07-29,07:50,Wed,Premarket,0.9875776397515528,0.5334685598377282,3,1.0222222222222221,54.0,-25.25,0.4675925925925926,down,16,False
MNQ,2026-07-29,08:50,Wed,Premarket,1.0315789473684212,0.5165289256198347,2,1.0238095238095237,60.5,-31.5,0.5206611570247934,down,6,False
MNQ,2026-07-29,09:50,Wed,NY AM,2.723076923076923,0.6231802911534154,4,1.5755395683453237,188.25,-123.5,0.6560424966799469,down,0,True
MNQ,2026-07-29,10:50,Wed,NY AM,0.6233453670276775,0.613824192336589,4,0.9922480620155039,105.5,76.5,0.7251184834123223,up,7,True
MNQ,2026-07-29,11:50,Wed,NY AM,0.49868073878627966,0.5501165501165501,2,1.0246913580246915,141.0,-96.0,0.6808510638297872,down,0,True
MNQ,2026-07-29,12:50,Wed,Lunch,0.9429530201342282,0.38377192982456143,3,0.7727272727272727,132.75,100.5,0.7570621468926554,up,2,True
MNQ,2026-07-29,13:50,Wed,NY PM,0.576271186440678,0.47885572139303484,4,1.106060606060606,211.25,159.75,0.7562130177514793,up,8,True
MNQ,2026-07-29,14:50,Wed,NY PM,2.6654867256637167,0.5331179321486268,5,0.9234972677595629,222.5,-165.5,0.7438202247191011,down,12,True
MNQ,2026-07-29,15:50,Wed,NY PM,0.7918032786885246,0.672289156626506,7,0.88268156424581,300.25,-243.5,0.8109908409658618,down,0,True
MNQ,2026-07-30,18:50,Wed,Asia,,0.4968553459119497,3,1.0476190476190477,104.25,66.75,0.6402877697841727,up,3,True
MNQ,2026-07-30,19:50,Wed,Asia,0.9864864864864865,0.4372623574144487,5,1.3442622950819672,120.0,68.25,0.56875,up,13,False
MNQ,2026-07-30,20:50,Wed,Asia,1.0536130536130537,0.6374589266155531,3,1.2597402597402598,156.75,71.0,0.4529505582137161,up,2,False
MNQ,2026-07-30,21:50,Wed,Asia,0.6112359550561798,0.7317460317460317,2,1.5510204081632653,56.0,-33.5,0.5982142857142857,down,6,False
MNQ,2026-07-30,22:50,Wed,Asia,1.3427230046948357,0.38084632516703787,3,1.4615384615384615,95.25,-78.25,0.821522309711286,down,1,True
MNQ,2026-07-30,00:50,Thu,Asia,0.7954545454545454,0.5215123859191656,3,1.3636363636363635,65.25,-51.5,0.789272030651341,down,0,True
MNQ,2026-07-30,01:50,Thu,Asia,1.2067307692307692,0.5084745762711864,5,1.1515151515151516,42.5,-26.0,0.611764705882353,down,17,False
MNQ,2026-07-30,02:50,Thu,London,0.7338935574229691,0.3899280575539568,3,1.5918367346938775,107.0,26.75,0.25,up,9,False
MNQ,2026-07-30,03:50,Thu,London,0.7977207977207977,0.43029259896729777,4,1.0961538461538463,109.5,22.25,0.20319634703196346,up,12,False
MNQ,2026-07-30,04:50,Thu,London,0.7112299465240641,0.5938069216757741,2,1.186046511627907,51.75,22.0,0.4251207729468599,up,7,False
MNQ,2026-07-30,05:50,Thu,London,0.5279503105590062,0.5,2,0.8717948717948718,73.5,-0.5,0.006802721088435374,down,19,False
MNQ,2026-07-30,06:50,Thu,London,0.8150470219435737,0.500772797527048,3,0.5263157894736842,73.75,45.25,0.6135593220338983,up,6,True
MNQ,2026-07-30,07:50,Thu,Premarket,1.0140056022408963,0.34316770186335405,2,0.6363636363636364,64.25,26.0,0.4046692607003891,up,11,False
MNQ,2026-07-30,08:50,Thu,Premarket,0.9184782608695652,0.5609756097560976,4,0.6966292134831461,96.75,47.5,0.4909560723514212,up,0,False
MNQ,2026-07-30,09:50,Thu,NY AM,4.825484764542936,0.4865047233468286,9,0.7880794701986755,140.75,21.25,0.15097690941385436,up,0,False
MNQ,2026-07-30,10:50,Thu,NY AM,1.4035087719298245,0.6045694200351494,3,1.3505154639175259,165.25,-31.75,0.19213313161875945,down,0,False
MNQ,2026-07-30,11:50,Thu,NY AM,0.7086614173228346,0.6617021276595745,4,1.0421052631578946,119.25,30.25,0.25366876310272535,up,2,False
MNQ,2026-07-30,12:50,Thu,Lunch,0.6528497409326425,0.4595238095238095,4,0.7032967032967034,106.5,69.0,0.647887323943662,up,0,True
MNQ,2026-07-30,13:50,Thu,NY PM,0.973568281938326,0.5345911949685535,5,0.5277777777777778,42.0,9.0,0.21428571428571427,up,5,False
MNQ,2026-07-30,14:50,Thu,NY PM,0.8051282051282052,0.4774951076320939,5,0.5714285714285714,101.0,75.5,0.7475247524752475,up,6,True
MNQ,2026-07-30,15:50,Thu,NY PM,0.6971428571428572,0.5784832451499118,1,1.3333333333333333,163.25,66.0,0.40428790199081166,up,5,False
MNQ,2026-07-31,18:50,Thu,Asia,,0.5926966292134831,4,0.7941176470588235,37.5,-3.75,0.1,down,13,False
MNQ,2026-07-31,19:50,Thu,Asia,0.9635036496350365,0.5656370656370656,4,1.1794871794871795,66.5,23.75,0.35714285714285715,up,1,False
MNQ,2026-07-31,20:50,Thu,Asia,0.9854014598540146,0.5113207547169811,4,0.9423076923076923,98.25,93.75,0.9541984732824428,up,0,True
MNQ,2026-07-31,21:50,Thu,Asia,1.155015197568389,0.572139303482587,3,1.32,58.5,3.25,0.05555555555555555,up,15,False
MNQ,2026-07-31,22:50,Thu,Asia,0.8186813186813187,0.3905325443786982,3,0.96,38.5,21.25,0.551948051948052,up,0,False
MNQ,2026-07-31,23:50,Thu,Asia,1.1023102310231023,0.5349301397205589,3,1.6285714285714286,49.25,31.25,0.6345177664974619,up,11,True
MNQ,2026-07-31,00:50,Fri,Asia,0.5808580858085809,0.5805243445692884,4,0.8518518518518519,29.5,16.0,0.5423728813559322,up,2,False
MNQ,2026-07-31,01:50,Fri,Asia,1.1936758893280632,0.361328125,3,0.8113207547169812,34.75,21.5,0.6187050359712231,up,6,False
MNQ,2026-07-31,02:50,Fri,London,2.1904761904761907,0.40821917808219177,3,0.8961038961038961,57.5,35.75,0.6217391304347826,up,1,True
MNQ,2026-07-31,03:50,Fri,London,0.7492447129909365,0.5374449339207048,4,1.0232558139534884,61.5,-21.25,0.34552845528455284,down,10,False
MNQ,2026-07-31,04:50,Fri,London,0.7892156862745098,0.5032397408207343,3,0.9375,48.5,29.5,0.6082474226804123,up,5,False
MNQ,2026-07-31,05:50,Fri,London,0.6775244299674267,0.5975308641975309,4,0.9024390243902439,50.25,-26.0,0.5174129353233831,down,0,False
MNQ,2026-07-31,06:50,Fri,London,1.2945736434108528,0.6177215189873417,4,1.25,72.0,57.5,0.7986111111111112,up,0,True
MNQ,2026-07-31,07:50,Fri,Premarket,0.7561837455830389,0.6911447084233261,3,1.1162790697674418,66.5,-45.75,0.6879699248120301,down,4,True
MNQ,2026-07-31,08:50,Fri,Premarket,0.8162162162162162,0.6362297496318114,2,0.5955056179775281,72.75,56.25,0.7731958762886598,up,0,True
MNQ,2026-07-31,09:50,Fri,NY AM,5.039812646370024,0.5929239528263521,5,0.7435897435897436,293.25,-207.75,0.7084398976982097,down,7,True
MNQ,2026-07-31,10:50,Fri,NY AM,1.3661784287616512,0.5269607843137255,4,0.9873417721518988,92.0,-56.0,0.6086956521739131,down,1,True
MNQ,2026-07-31,11:50,Fri,NY AM,0.6772277227722773,0.5420074349442379,3,1.1926605504587156,120.5,80.5,0.6680497925311203,up,0,True
MNQ,2026-07-31,12:50,Fri,Lunch,0.7134831460674157,0.6018411967779056,3,0.9767441860465116,66.0,30.75,0.4659090909090909,up,0,False
MNQ,2026-07-31,13:50,Fri,NY PM,0.9747899159663865,0.4624505928853755,3,1.25,51.5,8.25,0.16019417475728157,up,15,False
MNQ,2026-07-31,14:50,Fri,NY PM,0.7014925373134329,0.48854961832061067,3,1.1875,56.5,-19.75,0.3495575221238938,down,0,False
MNQ,2026-07-31,15:50,Fri,NY PM,1.667574931880109,0.37032258064516127,5,1.2686567164179106,184.0,-117.5,0.6385869565217391,down,4,True
MNQ,2026-08-03,11:50,Mon,NY AM,,0.6678966789667896,3,0.7796610169491526,51.5,27.0,0.5242718446601942,up,1,False
MNQ,2026-08-03,12:50,Mon,Lunch,0.8821548821548821,0.5027173913043478,2,0.7647058823529411,30.25,4.0,0.1322314049586777,up,10,False
MNQ,2026-08-03,13:50,Mon,NY PM,0.8225806451612904,0.6598639455782312,3,1.037037037037037,68.5,61.0,0.8905109489051095,up,0,True
MNQ,2026-08-03,14:50,Mon,NY PM,1.2016129032258065,0.48490945674044267,2,1.6666666666666667,43.75,-12.5,0.2857142857142857,down,12,False
MNQ,2026-08-03,15:50,Mon,NY PM,0.7237354085603113,0.5804195804195804,3,0.9767441860465116,70.0,-5.75,0.08214285714285714,down,2,False
MNQ,2026-08-04,18:50,Mon,Asia,,0.6007462686567164,1,2.5384615384615383,23.0,-7.25,0.31521739130434784,down,4,False
MNQ,2026-08-04,19:50,Mon,Asia,1.2921348314606742,0.5433333333333333,3,1.3043478260869565,38.75,5.5,0.14193548387096774,up,10,False
MNQ,2026-08-04,20:50,Mon,Asia,1.4048780487804877,0.5128205128205128,3,0.6612903225806451,77.5,-36.0,0.4645161290322581,down,3,False
MNQ,2026-08-04,21:50,Mon,Asia,1.891696750902527,0.458980044345898,7,0.7358490566037735,84.5,34.75,0.41124260355029585,up,0,False
MNQ,2026-08-04,22:50,Mon,Asia,0.8597560975609756,0.6234309623430963,3,1.0232558139534884,44.0,-12.25,0.2784090909090909,down,12,False
MNQ,2026-08-04,00:50,Tue,Asia,0.5338645418326693,0.4752475247524752,3,1.12,30.5,-3.5,0.11475409836065574,down,6,False
MNQ,2026-08-04,01:50,Tue,Asia,0.6519823788546255,0.7169811320754716,3,0.8125,46.5,32.25,0.6935483870967742,up,0,True
MNQ,2026-08-04,02:50,Tue,London,0.8177339901477833,0.5168539325842697,3,1.0,48.5,-2.0,0.041237113402061855,down,12,False
MNQ,2026-08-04,03:50,Tue,London,1.3148148148148149,0.5474254742547425,6,0.8529411764705882,59.0,15.0,0.2542372881355932,up,7,False
MNQ,2026-08-04,04:50,Tue,London,0.9967845659163987,0.32608695652173914,2,1.8857142857142857,61.25,-37.25,0.6081632653061224,down,7,True
MNQ,2026-08-04,05:50,Tue,London,0.7253521126760564,0.45376344086021503,3,3.4761904761904763,39.0,14.0,0.358974358974359,up,1,False
MNQ,2026-08-04,06:50,Tue,London,2.192982456140351,0.593841642228739,4,2.413793103448276,43.25,-3.5,0.08092485549132948,down,13,False
MNQ,2026-08-04,07:50,Tue,Premarket,2.336283185840708,0.45047489823609227,4,0.84375,42.5,0.75,0.01764705882352941,up,17,False
MNQ,2026-08-04,08:50,Tue,Premarket,0.8862745098039215,0.5377906976744186,5,1.206896551724138,46.75,28.75,0.6149732620320856,up,10,False
MNQ,2026-08-04,09:50,Tue,NY AM,2.462745098039216,0.4726134585289515,3,0.7794117647058824,108.0,58.75,0.5439814814814815,up,6,False
MNQ,2026-08-04,10:50,Tue,NY AM,0.6295585412667947,0.593607305936073,3,0.75,72.75,47.75,0.6563573883161512,up,7,True
MNQ,2026-08-04,11:50,Tue,NY AM,0.6205357142857143,0.6853658536585366,8,0.6956521739130435,32.25,-6.75,0.20930232558139536,down,11,False
MNQ,2026-08-04,12:50,Tue,Lunch,1.0736842105263158,0.453804347826087,6,1.0294117647058822,63.25,42.5,0.6719367588932806,up,6,True
MNQ,2026-08-04,13:50,Tue,NY PM,1.4947368421052631,0.4456066945606695,5,1.8285714285714285,70.75,-41.25,0.5830388692579506,down,0,False
MNQ,2026-08-04,14:50,Tue,NY PM,1.2065217391304348,0.3780487804878049,6,0.7971014492753623,56.75,47.75,0.8414096916299559,up,7,True
MNQ,2026-08-04,15:50,Tue,NY PM,0.783068783068783,0.5296442687747036,5,1.5609756097560976,102.0,-7.0,0.06862745098039216,down,16,False
MNQ,2026-08-05,00:50,Wed,Asia,,0.6535087719298246,2,1.0,52.25,25.5,0.4880382775119617,up,2,False
MNQ,2026-08-05,01:50,Wed,Asia,1.0707070707070707,0.5605381165919282,6,0.8571428571428571,38.0,28.75,0.756578947368421,up,0,False
MNQ,2026-08-05,02:50,Wed,London,0.9724770642201835,0.4851190476190476,4,1.1935483870967742,38.75,4.25,0.10967741935483871,up,2,False
MNQ,2026-08-05,04:50,Wed,London,1.109375,0.7018425460636516,4,0.7910447761194029,34.25,15.75,0.45985401459854014,up,12,False
MNQ,2026-08-05,06:50,Wed,London,1.2586206896551724,0.616822429906542,2,1.7727272727272727,79.25,71.25,0.8990536277602523,up,2,True
MNQ,2026-08-05,07:50,Wed,Premarket,1.5294117647058822,0.49478079331941544,4,1.4,51.5,-34.5,0.6699029126213593,down,1,True
MNQ,2026-08-05,08:50,Wed,Premarket,0.4748201438848921,0.6212534059945504,3,1.5483870967741935,42.0,-1.75,0.041666666666666664,down,15,False
MNQ,2026-08-05,09:50,Wed,NY AM,2.6219081272084805,0.6858789625360231,3,0.9632352941176471,147.25,-52.5,0.3565365025466893,down,0,False
MNQ,2026-08-05,10:50,Wed,NY AM,1.0279503105590062,0.6160267111853088,3,0.9761904761904762,118.0,-18.75,0.15889830508474576,down,0,False
MNQ,2026-08-05,11:50,Wed,NY AM,0.7725947521865889,0.6552941176470588,3,0.8314606741573034,104.0,-71.75,0.6899038461538461,down,0,True
MNQ,2026-08-05,12:50,Wed,Lunch,0.6373626373626373,0.46577380952380953,2,0.821917808219178,73.75,-30.75,0.41694915254237286,down,3,False
MNQ,2026-08-05,13:50,Wed,NY PM,0.725050916496945,0.5072697899838449,4,1.018181818181818,41.5,2.0,0.04819277108433735,up,5,False
MNQ,2026-08-05,14:50,Wed,NY PM,0.7962962962962963,0.6717391304347826,2,1.2142857142857142,60.5,15.75,0.2603305785123967,up,10,False
MNQ,2026-08-05,15:50,Wed,NY PM,1.3863636363636365,0.4513888888888889,2,1.3404255319148937,202.25,-148.75,0.7354758961681088,down,0,True
MNQ,2026-08-06,18:50,Wed,Asia,,0.4896551724137931,3,2.04,36.0,-23.25,0.6458333333333334,down,0,False
MNQ,2026-08-06,19:50,Wed,Asia,1.210144927536232,0.579520697167756,6,1.175,55.0,22.25,0.40454545454545454,up,11,False
MNQ,2026-08-06,20:50,Wed,Asia,1.0780669144981412,0.36038961038961037,4,1.32,61.5,-46.25,0.7520325203252033,down,0,True
MNQ,2026-08-06,21:50,Wed,Asia,1.1526479750778815,0.375,4,0.9795918367346939,41.75,12.5,0.2994011976047904,up,14,False
MNQ,2026-08-06,22:50,Wed,Asia,1.2243589743589745,0.3257261410788382,5,0.9107142857142857,35.0,-24.0,0.6857142857142857,down,1,False
MNQ,2026-08-06,00:50,Thu,Asia,0.6341463414634146,0.36416184971098264,3,0.9428571428571428,46.0,29.0,0.6304347826086957,up,0,False
MNQ,2026-08-06,01:50,Thu,Asia,1.368421052631579,0.3603960396039604,4,0.8181818181818182,53.25,-17.0,0.3192488262910798,down,9,False
MNQ,2026-08-06,02:50,Thu,London,0.6006600660066007,0.49570200573065903,3,1.1851851851851851,62.5,44.25,0.708,up,0,True
MNQ,2026-08-06,04:50,Thu,London,0.7931034482758621,0.5354107648725213,3,1.2903225806451613,74.25,-45.75,0.6161616161616161,down,3,True
MNQ,2026-08-06,05:50,Thu,London,0.8721804511278195,0.4648318042813456,3,0.5714285714285714,43.0,-0.5,0.011627906976744186,down,12,False
MNQ,2026-08-06,06:50,Thu,London,0.8739495798319328,0.5664893617021277,2,1.1891891891891893,127.5,-78.5,0.615686274509804,down,0,True
MNQ,2026-08-06,07:50,Thu,Premarket,2.1700404858299596,0.4787701317715959,2,1.2040816326530612,59.75,-31.5,0.5271966527196653,down,7,False
MNQ,2026-08-06,08:50,Thu,Premarket,0.7654986522911051,0.5040322580645161,3,0.8596491228070176,87.75,-70.5,0.8034188034188035,down,0,True
MNQ,2026-08-06,09:50,Thu,NY AM,3.165,0.4258741258741259,7,0.7959183673469388,98.0,52.5,0.5357142857142857,up,5,False
MNQ,2026-08-06,10:50,Thu,NY AM,1.2831541218637992,0.40298507462686567,4,1.1076923076923078,129.75,113.5,0.8747591522157996,up,0,True
MNQ,2026-08-06,11:50,Thu,NY AM,0.8951612903225806,0.39801980198019804,4,1.3571428571428572,147.0,-63.75,0.4336734693877551,down,0,False
MNQ,2026-08-06,12:50,Thu,Lunch,0.6998535871156661,0.4449438202247191,3,1.0123456790123457,71.0,24.5,0.34507042253521125,up,1,False
MNQ,2026-08-06,13:50,Thu,NY PM,0.5010893246187363,0.5432300163132137,3,1.2321428571428572,45.5,35.5,0.7802197802197802,up,0,True
MNQ,2026-08-06,14:50,Thu,NY PM,0.9090909090909091,0.45867768595041325,4,1.0909090909090908,63.0,53.25,0.8452380952380952,up,3,True
MNQ,2026-08-06,15:50,Thu,NY PM,0.695906432748538,0.5040160642570282,4,1.4324324324324325,76.5,39.25,0.5130718954248366,up,1,False
MNQ,2026-08-07,00:50,Fri,Asia,,0.5904059040590406,3,1.125,68.25,39.25,0.575091575091575,up,3,False
MNQ,2026-08-07,01:50,Fri,Asia,0.8469387755102041,0.43217665615141954,2,0.5681818181818182,39.5,19.75,0.5,up,10,False
MNQ,2026-08-07,02:50,Fri,London,1.4723926380368098,0.47109826589595377,2,0.6190476190476191,46.75,34.0,0.7272727272727273,up,12,True
MNQ,2026-08-07,03:50,Fri,London,1.0683229813664596,0.4957983193277311,3,1.0,52.0,29.25,0.5625,up,2,False
MNQ,2026-08-07,04:50,Fri,London,0.8940092165898618,0.6091644204851752,3,1.40625,33.75,12.25,0.362962962962963,up,4,False
MNQ,2026-08-07,05:50,Fri,London,0.6039603960396039,0.49224806201550386,3,0.9047619047619048,22.75,-13.0,0.5714285714285714,down,2,False
MNQ,2026-08-07,06:50,Fri,London,0.7888888888888889,0.7541666666666667,3,1.35,46.25,22.0,0.4756756756756757,up,3,False
MNQ,2026-08-07,07:50,Fri,Premarket,0.5935483870967742,0.7142857142857143,4,0.8095238095238095,68.25,-17.5,0.2564102564102564,down,13,False
MNQ,2026-08-07,08:50,Fri,Premarket,2.5429864253393664,0.5185714285714286,2,1.0163934426229508,103.5,-65.75,0.6352657004830918,down,4,True
MNQ,2026-08-07,09:50,Fri,NY AM,1.72,0.5840504876649455,3,0.9152542372881356,186.5,-143.0,0.7667560321715817,down,2,True
