time,open,high,low,close
1202706000,155.900000,155.900000,155.880000,155.890000
1202706060,155.900000,155.900000,155.890000,155.890000
1202706120,155.900000,155.900000,155.900000,155.900000
1202706180,155.910000,155.940000,155.900000,155.940000
1202706240,155.950000,155.950000,155.940000,155.940000
1202706300,155.950000,155.950000,155.950000,155.950000
1202706360,155.940000,155.940000,155.910000,155.910000
1202706420,155.900000,155.900000,155.890000,155.900000
1202706480,155.910000,155.910000,155.910000,155.910000
1202706600,155.920000,155.920000,155.900000,155.910000
1202706660,155.920000,155.980000,155.920000,155.980000
1202706720,155.980000,156.100000,155.980000,156.080000
1202706780,156.070000,156.080000,156.050000,156.070000
1202706840,156.060000,156.060000,155.970000,155.980000
1202706900,155.970000,156.020000,155.970000,156.010000
1202706960,156.020000,156.030000,156.000000,156.000000
1202707020,156.010000,156.010000,155.990000,155.990000
1202707080,155.980000,155.980000,155.970000,155.980000
1202707200,155.970000,155.980000,155.960000,155.980000
1202707260,155.990000,155.990000,155.980000,155.990000
1202707320,156.000000,156.020000,156.000000,156.020000
1202707380,156.010000,156.020000,156.000000,156.020000
1202707440,156.030000,156.080000,156.030000,156.080000
1202707500,156.090000,156.090000,156.070000,156.090000
1202707560,156.100000,156.100000,156.070000,156.070000
1202707620,156.060000,156.060000,156.060000,156.060000
1202707680,156.050000,156.060000,156.050000,156.060000
1202707740,156.050000,156.060000,156.050000,156.060000
1202707860,156.070000,156.070000,156.060000,156.060000
1202707920,156.040000,156.040000,156.030000,156.040000
1202707980,156.050000,156.090000,156.040000,156.050000
1202708040,156.060000,156.060000,156.050000,156.050000
1202708100,156.040000,156.040000,156.030000,156.040000
1202708160,156.030000,156.030000,156.020000,156.030000
1202708220,156.020000,156.030000,156.020000,156.030000
1202708280,156.040000,156.040000,156.020000,156.030000
1202708340,156.020000,156.030000,156.020000,156.030000
1202708400,156.020000,156.020000,156.010000,156.010000
1202708460,156.000000,156.000000,155.910000,155.940000
1202708520,155.930000,155.930000,155.910000,155.910000
1202708580,155.920000,155.950000,155.920000,155.940000
1202708640,155.950000,155.980000,155.930000,155.950000
1202708700,155.970000,155.980000,155.970000,155.970000
1202708760,155.960000,155.970000,155.890000,155.890000
1202708820,155.880000,155.900000,155.870000,155.890000
1202708880,155.880000,155.900000,155.880000,155.880000
1202708940,155.870000,155.910000,155.870000,155.900000
1202709000,155.890000,155.900000,155.880000,155.890000
1202709060,155.880000,155.880000,155.880000,155.880000
1202709120,155.870000,155.870000,155.870000,155.870000
1202709180,155.880000,155.880000,155.870000,155.870000
1202709240,155.880000,155.900000,155.880000,155.880000
1202709300,155.890000,155.900000,155.880000,155.880000
1202709360,155.870000,155.890000,155.870000,155.890000
1202709420,155.880000,155.890000,155.880000,155.880000
1202709480,155.870000,155.880000,155.870000,155.880000
1202709540,155.870000,155.900000,155.870000,155.890000
1202709600,155.900000,155.930000,155.890000,155.920000
1202709660,155.930000,155.930000,155.920000,155.930000
1202709780,155.920000,155.920000,155.900000,155.910000
1202709840,155.920000,155.920000,155.910000,155.910000
1202709900,155.920000,155.930000,155.910000,155.910000
1202709960,155.900000,155.910000,155.890000,155.890000
1202710020,155.880000,155.890000,155.880000,155.880000
1202710080,155.870000,155.880000,155.870000,155.880000
1202710140,155.890000,155.890000,155.880000,155.880000
1202710200,155.890000,155.890000,155.880000,155.890000
1202710260,155.880000,155.890000,155.880000,155.890000
1202710320,155.900000,155.900000,155.890000,155.890000
1202710380,155.880000,155.890000,155.880000,155.880000
1202710440,155.870000,155.880000,155.870000,155.880000
1202710500,155.870000,155.880000,155.870000,155.880000
1202710560,155.890000,155.900000,155.890000,155.900000
1202710620,155.890000,155.900000,155.890000,155.900000
1202710680,155.890000,155.930000,155.890000,155.920000
1202710740,155.930000,155.940000,155.920000,155.930000
1202710800,155.940000,155.940000,155.940000,155.940000
1202710860,155.930000,155.930000,155.930000,155.930000
1202710920,155.940000,155.940000,155.930000,155.940000
1202710980,155.930000,155.940000,155.930000,155.940000
1202711040,155.930000,155.950000,155.930000,155.940000
1202711100,155.950000,155.950000,155.920000,155.930000
1202711160,155.920000,155.930000,155.890000,155.890000
1202711220,155.900000,155.930000,155.880000,155.880000
1202711280,155.890000,155.930000,155.890000,155.910000
1202711340,155.920000,155.930000,155.880000,155.920000
1202711400,155.910000,155.950000,155.900000,155.940000
1202711460,155.950000,155.990000,155.950000,155.960000
1202711520,155.970000,155.970000,155.950000,155.960000
1202711580,155.970000,155.970000,155.960000,155.960000
1202711640,155.970000,155.970000,155.970000,155.970000
1202711700,155.960000,155.970000,155.960000,155.970000
1202711760,155.990000,155.990000,155.970000,155.990000
1202711820,155.980000,155.980000,155.930000,155.940000
1202711880,155.950000,155.980000,155.940000,155.980000
1202711940,155.970000,155.990000,155.950000,155.960000
1202712000,155.950000,155.980000,155.950000,155.950000
1202712060,155.940000,155.940000,155.910000,155.920000
1202712120,155.910000,155.940000,155.910000,155.920000
1202712180,155.930000,155.930000,155.910000,155.920000
1202712240,155.910000,155.910000,155.910000,155.910000
1202712300,155.920000,155.920000,155.910000,155.910000
1202712420,155.900000,155.920000,155.890000,155.900000
1202712480,155.890000,155.900000,155.880000,155.900000
1202712540,155.910000,155.970000,155.910000,155.930000
1202712600,155.940000,155.940000,155.920000,155.930000
1202712660,155.920000,155.930000,155.880000,155.880000
1202712720,155.890000,155.900000,155.890000,155.900000
1202712780,155.910000,155.910000,155.900000,155.900000
1202712840,155.890000,155.900000,155.890000,155.890000
1202712900,155.880000,155.900000,155.870000,155.890000
1202712960,155.900000,155.900000,155.890000,155.900000
1202713020,155.890000,155.920000,155.890000,155.900000
1202713080,155.910000,155.910000,155.880000,155.900000
1202713140,155.890000,155.960000,155.890000,155.960000
1202713200,155.950000,155.970000,155.930000,155.950000
1202713260,155.940000,155.980000,155.930000,155.970000
1202713320,155.980000,155.980000,155.950000,155.960000
1202713380,155.950000,156.000000,155.940000,156.000000
1202713440,156.010000,156.020000,156.000000,156.010000
1202713500,156.000000,156.030000,156.000000,156.010000
1202713560,155.990000,156.010000,155.980000,155.980000
1202713620,155.990000,156.030000,155.990000,156.020000
1202713680,156.030000,156.050000,156.020000,156.050000
1202713740,156.060000,156.070000,156.060000,156.070000
1202713800,156.060000,156.060000,156.050000,156.050000
1202713860,156.040000,156.050000,156.030000,156.030000
1202713920,156.040000,156.100000,156.040000,156.100000
1202713980,156.090000,156.100000,156.060000,156.070000
1202714040,156.060000,156.100000,156.060000,156.100000
1202714100,156.110000,156.110000,156.080000,156.080000
1202714160,156.070000,156.090000,156.060000,156.060000
1202714220,156.050000,156.050000,156.020000,156.040000
1202714280,156.020000,156.040000,155.960000,155.960000
1202714340,155.970000,156.000000,155.960000,156.000000
1202714400,155.990000,156.010000,155.980000,155.990000
1202714460,156.000000,156.030000,156.000000,156.020000
1202714520,156.040000,156.070000,156.010000,156.020000
1202714580,156.000000,156.020000,156.000000,156.000000
1202714640,155.990000,156.000000,155.980000,155.980000
1202714700,155.970000,155.980000,155.930000,155.950000
1202714760,155.960000,155.970000,155.950000,155.950000
1202714820,155.960000,155.960000,155.940000,155.940000
1202714880,155.950000,155.950000,155.940000,155.940000
1202714940,155.930000,155.940000,155.930000,155.940000
1202715000,155.930000,155.960000,155.930000,155.950000
1202715060,155.960000,155.970000,155.930000,155.970000
1202715120,155.980000,155.980000,155.940000,155.940000
1202715180,155.950000,155.960000,155.940000,155.950000
1202715240,155.960000,155.960000,155.940000,155.940000
1202715300,155.930000,155.930000,155.890000,155.910000
1202715360,155.920000,155.950000,155.900000,155.950000
1202715420,155.960000,155.970000,155.890000,155.920000
1202715480,155.910000,155.920000,155.900000,155.920000
1202715540,155.910000,155.920000,155.900000,155.910000
1202715600,155.920000,155.920000,155.890000,155.910000
1202715720,155.900000,155.900000,155.890000,155.890000
1202715780,155.900000,155.900000,155.890000,155.890000
1202715840,155.880000,155.880000,155.790000,155.790000
1202715900,155.780000,155.780000,155.680000,155.690000
1202715960,155.680000,155.680000,155.630000,155.640000
1202716020,155.650000,155.690000,155.630000,155.660000
1202716080,155.670000,155.720000,155.670000,155.720000
1202716140,155.710000,155.730000,155.670000,155.700000
1202716200,155.710000,155.740000,155.690000,155.730000
1202716260,155.740000,155.740000,155.570000,155.610000
1202716320,155.600000,155.600000,155.400000,155.480000
1202716380,155.490000,155.580000,155.460000,155.550000
1202716440,155.560000,155.590000,155.520000,155.550000
1202716500,155.560000,155.560000,155.490000,155.500000
1202716560,155.510000,155.520000,155.400000,155.430000
1202716620,155.420000,155.420000,155.260000,155.290000
1202716680,155.300000,155.350000,155.300000,155.310000
1202716740,155.320000,155.410000,155.320000,155.350000
1202716800,155.340000,155.380000,155.320000,155.370000
1202716860,155.360000,155.370000,155.290000,155.320000
1202716920,155.330000,155.330000,155.280000,155.290000
1202716980,155.280000,155.310000,155.200000,155.200000
1202717040,155.170000,155.340000,155.170000,155.330000
1202717100,155.320000,155.360000,155.270000,155.320000
1202717160,155.310000,155.370000,155.310000,155.350000
1202717220,155.360000,155.390000,155.350000,155.380000
1202717280,155.390000,155.410000,155.350000,155.400000
1202717340,155.390000,155.420000,155.370000,155.370000
1202717400,155.360000,155.400000,155.330000,155.350000
1202717460,155.340000,155.380000,155.340000,155.380000
1202717520,155.390000,155.420000,155.370000,155.370000
1202717580,155.380000,155.380000,155.300000,155.350000
1202717640,155.360000,155.390000,155.330000,155.380000
1202717700,155.390000,155.390000,155.360000,155.380000
1202717760,155.370000,155.440000,155.370000,155.400000
1202717820,155.410000,155.430000,155.390000,155.420000
1202717880,155.410000,155.460000,155.400000,155.460000
1202717940,155.450000,155.460000,155.440000,155.440000
1202718000,155.450000,155.450000,155.430000,155.440000
1202718060,155.450000,155.480000,155.450000,155.470000
1202718120,155.460000,155.470000,155.430000,155.440000
1202718180,155.450000,155.500000,155.430000,155.470000
1202718240,155.460000,155.480000,155.430000,155.430000
1202718300,155.420000,155.430000,155.360000,155.390000
1202718360,155.380000,155.400000,155.360000,155.370000
1202718420,155.360000,155.360000,155.290000,155.300000
1202718480,155.260000,155.310000,155.240000,155.300000
1202718540,155.310000,155.360000,155.310000,155.360000
1202718600,155.340000,155.350000,155.290000,155.300000
1202718660,155.310000,155.330000,155.250000,155.310000
1202718720,155.300000,155.310000,155.190000,155.240000
1202718780,155.250000,155.330000,155.250000,155.310000
1202718840,155.300000,155.300000,155.270000,155.290000
1202718900,155.280000,155.280000,155.250000,155.260000
1202718960,155.250000,155.280000,155.240000,155.270000
1202719020,155.260000,155.300000,155.240000,155.290000
1202719080,155.280000,155.320000,155.280000,155.310000
1202719140,155.300000,155.310000,155.240000,155.260000
1202719200,155.250000,155.290000,155.240000,155.280000
1202719260,155.270000,155.280000,155.260000,155.280000
1202719320,155.290000,155.310000,155.280000,155.290000
1202719380,155.280000,155.300000,155.240000,155.290000
1202719440,155.270000,155.320000,155.270000,155.320000
1202719500,155.310000,155.410000,155.300000,155.390000
1202719560,155.380000,155.420000,155.370000,155.420000
1202719620,155.410000,155.410000,155.300000,155.310000
1202719680,155.300000,155.390000,155.300000,155.380000
1202719740,155.390000,155.390000,155.360000,155.380000
1202719800,155.370000,155.390000,155.370000,155.380000
1202719860,155.390000,155.400000,155.360000,155.390000
1202719920,155.380000,155.410000,155.380000,155.390000
1202719980,155.400000,155.470000,155.400000,155.460000
1202720040,155.470000,155.480000,155.410000,155.420000
1202720100,155.430000,155.440000,155.410000,155.430000
1202720160,155.440000,155.440000,155.410000,155.430000
1202720220,155.440000,155.450000,155.430000,155.440000
1202720280,155.450000,155.480000,155.450000,155.470000
1202720340,155.460000,155.460000,155.430000,155.450000
1202720400,155.440000,155.460000,155.430000,155.450000
1202720460,155.460000,155.460000,155.440000,155.450000
1202720520,155.430000,155.450000,155.400000,155.400000
1202720580,155.420000,155.440000,155.410000,155.420000
1202720640,155.410000,155.430000,155.390000,155.420000
1202720700,155.410000,155.410000,155.390000,155.400000
1202720760,155.390000,155.440000,155.390000,155.420000
1202720820,155.430000,155.430000,155.420000,155.420000
1202720880,155.430000,155.430000,155.420000,155.420000
1202720940,155.410000,155.420000,155.380000,155.390000
1202721000,155.400000,155.410000,155.390000,155.390000
1202721060,155.400000,155.400000,155.370000,155.370000
1202721120,155.380000,155.380000,155.320000,155.320000
1202721180,155.330000,155.330000,155.290000,155.290000
1202721240,155.300000,155.310000,155.260000,155.290000
1202721300,155.280000,155.300000,155.280000,155.280000
1202721360,155.290000,155.310000,155.280000,155.310000
1202721420,155.320000,155.320000,155.310000,155.310000
1202721480,155.320000,155.330000,155.310000,155.310000
1202721540,155.320000,155.340000,155.310000,155.330000
1202721600,155.320000,155.330000,155.320000,155.320000
1202721660,155.310000,155.320000,155.310000,155.320000
1202721720,155.330000,155.340000,155.320000,155.320000
1202721780,155.310000,155.320000,155.310000,155.320000
1202721840,155.310000,155.320000,155.300000,155.310000
1202721900,155.320000,155.320000,155.270000,155.270000
1202721960,155.250000,155.260000,155.240000,155.250000
1202722020,155.240000,155.250000,155.240000,155.240000
1202722080,155.250000,155.250000,155.150000,155.170000
1202722140,155.160000,155.170000,155.020000,155.050000
1202722200,155.040000,155.070000,155.000000,155.040000
1202722260,155.030000,155.090000,155.030000,155.080000
1202722320,155.070000,155.090000,155.030000,155.080000
1202722380,155.090000,155.100000,155.010000,155.010000
1202722440,155.020000,155.040000,155.010000,155.030000
1202722500,155.040000,155.050000,154.980000,154.980000
1202722560,154.990000,155.000000,154.940000,154.940000
1202722620,154.950000,154.980000,154.940000,154.960000
1202722680,154.970000,155.010000,154.960000,154.980000
1202722740,154.990000,154.990000,154.950000,154.960000
1202722800,154.970000,154.980000,154.950000,154.970000
1202722860,154.980000,155.020000,154.950000,154.950000
1202722920,154.960000,154.980000,154.940000,154.950000
1202722980,154.960000,154.990000,154.940000,154.970000
1202723040,154.980000,155.010000,154.960000,155.000000
1202723100,155.010000,155.010000,154.980000,155.000000
1202723160,155.010000,155.010000,154.950000,154.980000
1202723220,154.990000,155.010000,154.980000,155.000000
1202723280,154.990000,155.020000,154.990000,155.000000
1202723340,155.010000,155.030000,155.010000,155.010000
1202723400,155.020000,155.020000,155.000000,155.010000
1202723460,155.000000,155.030000,154.990000,155.010000
1202723520,155.030000,155.040000,155.000000,155.030000
1202723580,155.050000,155.070000,154.990000,155.000000
1202723640,154.990000,155.000000,154.970000,154.970000
1202723700,154.960000,154.970000,154.950000,154.950000
1202723760,154.970000,154.970000,154.940000,154.950000
1202723820,154.960000,155.000000,154.960000,154.960000
1202723880,154.940000,154.940000,154.890000,154.910000
1202723940,154.920000,154.970000,154.910000,154.970000
1202724000,154.960000,154.990000,154.960000,154.990000
1202724060,154.980000,154.990000,154.940000,154.940000
1202724120,154.930000,154.950000,154.890000,154.950000
1202724180,154.940000,155.010000,154.930000,154.980000
1202724240,154.990000,155.000000,154.970000,154.980000
1202724300,155.000000,155.040000,155.000000,155.020000
1202724360,155.040000,155.100000,155.030000,155.090000
1202724420,155.080000,155.080000,155.020000,155.020000
1202724480,155.030000,155.040000,155.020000,155.020000
1202724540,155.030000,155.040000,155.020000,155.040000
1202724600,155.050000,155.070000,155.040000,155.050000
1202724660,155.060000,155.060000,155.050000,155.050000
1202724720,155.060000,155.060000,155.050000,155.060000
1202724780,155.070000,155.100000,155.060000,155.090000
1202724840,155.080000,155.170000,155.080000,155.130000
1202724900,155.140000,155.160000,155.110000,155.130000
1202724960,155.140000,155.140000,155.130000,155.140000
1202725020,155.130000,155.150000,155.120000,155.140000
1202725080,155.130000,155.160000,155.130000,155.150000
1202725140,155.170000,155.170000,155.140000,155.150000
1202725200,155.140000,155.150000,155.140000,155.150000
1202725260,155.140000,155.140000,155.120000,155.130000
1202725320,155.120000,155.130000,155.120000,155.120000
1202725380,155.130000,155.130000,155.110000,155.120000
1202725440,155.110000,155.150000,155.110000,155.140000
1202725500,155.130000,155.140000,155.120000,155.120000
1202725560,155.110000,155.130000,155.110000,155.120000
1202725620,155.130000,155.230000,155.130000,155.200000
1202725680,155.190000,155.230000,155.190000,155.230000
1202725740,155.220000,155.270000,155.210000,155.270000
1202725800,155.260000,155.350000,155.250000,155.350000
1202725860,155.360000,155.440000,155.360000,155.400000
1202725920,155.390000,155.400000,155.360000,155.370000
1202725980,155.380000,155.390000,155.360000,155.360000
1202726040,155.350000,155.350000,155.300000,155.320000
1202726100,155.330000,155.380000,155.320000,155.370000
1202726160,155.360000,155.380000,155.360000,155.370000
1202726220,155.360000,155.370000,155.360000,155.360000
1202726280,155.370000,155.370000,155.350000,155.360000
1202726340,155.370000,155.370000,155.310000,155.320000
1202726400,155.330000,155.330000,155.280000,155.290000
1202726460,155.300000,155.300000,155.280000,155.290000
1202726520,155.280000,155.280000,155.240000,155.250000
1202726580,155.260000,155.270000,155.250000,155.270000
1202726640,155.280000,155.360000,155.270000,155.340000
1202726700,155.350000,155.360000,155.350000,155.360000
1202726760,155.370000,155.370000,155.350000,155.350000
1202726820,155.340000,155.360000,155.320000,155.330000
1202726880,155.320000,155.350000,155.310000,155.350000
1202726940,155.340000,155.350000,155.340000,155.350000
1202727000,155.340000,155.360000,155.340000,155.340000
1202727060,155.350000,155.370000,155.330000,155.360000
1202727120,155.380000,155.410000,155.370000,155.370000
1202727180,155.360000,155.390000,155.360000,155.380000
1202727240,155.370000,155.370000,155.340000,155.340000
1202727300,155.350000,155.390000,155.340000,155.390000
1202727360,155.380000,155.390000,155.370000,155.380000
1202727420,155.370000,155.370000,155.360000,155.360000
1202727480,155.370000,155.370000,155.370000,155.370000
1202727540,155.360000,155.360000,155.340000,155.340000
1202727600,155.350000,155.370000,155.340000,155.360000
1202727660,155.370000,155.370000,155.330000,155.340000
1202727720,155.330000,155.340000,155.330000,155.340000
1202727780,155.330000,155.350000,155.320000,155.350000
1202727840,155.360000,155.360000,155.330000,155.340000
1202727900,155.350000,155.360000,155.340000,155.350000
1202727960,155.340000,155.340000,155.320000,155.330000
1202728020,155.320000,155.320000,155.310000,155.310000
1202728080,155.300000,155.310000,155.300000,155.310000
1202728140,155.320000,155.340000,155.300000,155.340000
1202728200,155.330000,155.390000,155.330000,155.390000
1202728260,155.380000,155.390000,155.360000,155.370000
1202728320,155.360000,155.400000,155.360000,155.380000
1202728380,155.370000,155.370000,155.330000,155.340000
1202728440,155.360000,155.370000,155.340000,155.370000
1202728500,155.380000,155.420000,155.370000,155.420000
1202728560,155.430000,155.460000,155.410000,155.460000
1202728620,155.450000,155.500000,155.450000,155.490000
1202728680,155.500000,155.510000,155.490000,155.510000
1202728740,155.500000,155.510000,155.480000,155.480000
1202728800,155.490000,155.490000,155.480000,155.490000
1202728860,155.500000,155.520000,155.490000,155.510000
1202728920,155.500000,155.510000,155.490000,155.510000
1202728980,155.500000,155.510000,155.490000,155.510000
1202729040,155.500000,155.520000,155.500000,155.520000
1202729100,155.510000,155.520000,155.480000,155.490000
1202729160,155.480000,155.510000,155.480000,155.500000
1202729220,155.510000,155.510000,155.480000,155.500000
1202729280,155.490000,155.500000,155.490000,155.500000
1202729340,155.510000,155.510000,155.500000,155.500000
1202729400,155.510000,155.510000,155.480000,155.490000
1202729460,155.500000,155.510000,155.490000,155.510000
1202729520,155.500000,155.510000,155.490000,155.500000
1202729580,155.490000,155.500000,155.470000,155.470000
1202729640,155.480000,155.480000,155.460000,155.470000
1202729700,155.480000,155.480000,155.470000,155.470000
1202729760,155.460000,155.460000,155.420000,155.440000
1202729820,155.430000,155.450000,155.430000,155.450000
1202729880,155.460000,155.460000,155.450000,155.460000
1202729940,155.450000,155.450000,155.420000,155.440000
1202730000,155.450000,155.450000,155.420000,155.420000
1202730060,155.430000,155.430000,155.400000,155.400000
1202730120,155.390000,155.420000,155.390000,155.390000
1202730180,155.400000,155.400000,155.370000,155.390000
1202730240,155.380000,155.410000,155.380000,155.400000
1202730300,155.410000,155.410000,155.380000,155.390000
1202730360,155.380000,155.390000,155.380000,155.380000
1202730420,155.390000,155.390000,155.380000,155.380000
1202730540,155.370000,155.370000,155.360000,155.360000
1202730600,155.350000,155.350000,155.280000,155.280000
1202730660,155.270000,155.300000,155.270000,155.300000
1202730720,155.280000,155.320000,155.280000,155.320000
1202730780,155.310000,155.320000,155.290000,155.300000
1202730840,155.290000,155.290000,155.240000,155.240000
1202730900,155.250000,155.250000,155.200000,155.210000
1202730960,155.200000,155.200000,155.190000,155.190000
1202731020,155.210000,155.250000,155.210000,155.240000
1202731080,155.250000,155.280000,155.250000,155.260000
1202731140,155.270000,155.270000,155.240000,155.240000
1202731200,155.250000,155.270000,155.250000,155.270000
1202731260,155.280000,155.290000,155.270000,155.280000
1202731320,155.270000,155.290000,155.250000,155.270000
1202731380,155.280000,155.310000,155.280000,155.310000
1202731440,155.300000,155.300000,155.290000,155.290000
1202731500,155.300000,155.300000,155.290000,155.300000
1202731560,155.290000,155.300000,155.290000,155.300000
1202731620,155.290000,155.290000,155.290000,155.290000
1202731680,155.300000,155.310000,155.290000,155.290000
1202731740,155.300000,155.300000,155.300000,155.300000
1202731800,155.290000,155.320000,155.290000,155.320000
1202731860,155.330000,155.380000,155.330000,155.370000
1202731920,155.360000,155.420000,155.350000,155.400000
1202731980,155.390000,155.440000,155.390000,155.430000
1202732040,155.420000,155.470000,155.410000,155.470000
1202732100,155.460000,155.460000,155.420000,155.430000
1202732160,155.440000,155.440000,155.400000,155.400000
1202732220,155.390000,155.400000,155.380000,155.400000
1202732280,155.390000,155.400000,155.340000,155.340000
1202732340,155.330000,155.330000,155.290000,155.310000
1202732400,155.300000,155.320000,155.290000,155.320000
1202732460,155.310000,155.320000,155.310000,155.320000
1202732520,155.310000,155.320000,155.310000,155.310000
1202732580,155.320000,155.340000,155.300000,155.300000
1202732640,155.310000,155.350000,155.310000,155.340000
1202732700,155.350000,155.350000,155.340000,155.350000
1202732760,155.340000,155.350000,155.340000,155.340000
1202732820,155.330000,155.340000,155.320000,155.330000
1202732880,155.340000,155.350000,155.340000,155.350000
1202732940,155.340000,155.360000,155.330000,155.330000
1202733000,155.340000,155.420000,155.340000,155.420000
1202733060,155.430000,155.430000,155.410000,155.430000
1202733120,155.440000,155.440000,155.420000,155.430000
1202733180,155.440000,155.440000,155.410000,155.410000
1202733240,155.400000,155.430000,155.360000,155.410000
1202733300,155.400000,155.430000,155.390000,155.410000
1202733360,155.400000,155.410000,155.400000,155.410000
1202733420,155.420000,155.440000,155.420000,155.420000
1202733480,155.410000,155.420000,155.390000,155.400000
1202733540,155.410000,155.450000,155.390000,155.430000
1202733600,155.440000,155.460000,155.400000,155.400000
1202733660,155.390000,155.390000,155.300000,155.320000
1202733720,155.330000,155.360000,155.320000,155.360000
1202733780,155.370000,155.370000,155.340000,155.340000
1202733840,155.350000,155.350000,155.310000,155.320000
1202733900,155.310000,155.320000,155.300000,155.310000
1202733960,155.320000,155.360000,155.310000,155.350000
1202734020,155.360000,155.370000,155.360000,155.370000
1202734080,155.360000,155.400000,155.350000,155.400000
1202734140,155.410000,155.430000,155.410000,155.410000
1202734200,155.400000,155.460000,155.390000,155.450000
1202734260,155.460000,155.480000,155.450000,155.450000
1202734320,155.460000,155.530000,155.460000,155.530000
1202734380,155.520000,155.550000,155.500000,155.540000
1202734440,155.530000,155.570000,155.520000,155.570000
1202734500,155.560000,155.580000,155.550000,155.580000
1202734560,155.590000,155.590000,155.550000,155.580000
1202734620,155.570000,155.580000,155.560000,155.560000
1202734680,155.570000,155.580000,155.560000,155.560000
1202734740,155.550000,155.550000,155.490000,155.490000
1202734800,155.500000,155.520000,155.500000,155.510000
1202734860,155.520000,155.520000,155.500000,155.510000
1202734920,155.500000,155.510000,155.490000,155.500000
1202734980,155.490000,155.510000,155.490000,155.490000
1202735040,155.500000,155.500000,155.450000,155.450000
1202735100,155.460000,155.500000,155.460000,155.490000
1202735160,155.500000,155.500000,155.490000,155.500000
1202735220,155.510000,155.510000,155.460000,155.470000
1202735280,155.460000,155.490000,155.460000,155.470000
1202735340,155.460000,155.480000,155.460000,155.460000
1202735400,155.470000,155.470000,155.440000,155.450000
1202735460,155.460000,155.460000,155.450000,155.450000
1202735520,155.440000,155.440000,155.420000,155.420000
1202735580,155.430000,155.440000,155.400000,155.400000
1202735640,155.420000,155.460000,155.420000,155.460000
1202735700,155.450000,155.480000,155.440000,155.440000
1202735760,155.450000,155.450000,155.360000,155.360000
1202735820,155.370000,155.460000,155.350000,155.460000
1202735880,155.450000,155.480000,155.450000,155.470000
1202735940,155.460000,155.470000,155.440000,155.460000
1202736000,155.470000,155.480000,155.390000,155.390000
1202736060,155.400000,155.410000,155.360000,155.400000
1202736120,155.410000,155.420000,155.400000,155.420000
1202736180,155.430000,155.450000,155.410000,155.430000
1202736240,155.420000,155.460000,155.410000,155.460000
1202736300,155.470000,155.480000,155.400000,155.440000
1202736360,155.450000,155.490000,155.440000,155.480000
1202736420,155.490000,155.490000,155.450000,155.450000
1202736480,155.440000,155.450000,155.420000,155.420000
1202736540,155.410000,155.460000,155.400000,155.440000
1202736600,155.430000,155.460000,155.420000,155.460000
1202736660,155.450000,155.450000,155.420000,155.440000
1202736720,155.430000,155.450000,155.400000,155.400000
1202736780,155.420000,155.430000,155.370000,155.380000
1202736840,155.390000,155.400000,155.370000,155.370000
1202736900,155.380000,155.390000,155.370000,155.380000
1202736960,155.370000,155.410000,155.370000,155.380000
1202737020,155.390000,155.390000,155.370000,155.390000
1202737080,155.400000,155.400000,155.370000,155.370000
1202737140,155.380000,155.390000,155.270000,155.270000
1202737200,155.260000,155.260000,155.200000,155.220000
1202737260,155.230000,155.260000,155.220000,155.260000
1202737320,155.250000,155.260000,155.220000,155.260000
1202737380,155.270000,155.290000,155.240000,155.270000
1202737440,155.280000,155.310000,155.260000,155.280000
1202737500,155.270000,155.280000,155.250000,155.260000
1202737560,155.270000,155.280000,155.240000,155.270000
1202737620,155.280000,155.280000,155.220000,155.230000
1202737680,155.240000,155.250000,155.230000,155.230000
1202737740,155.240000,155.270000,155.230000,155.240000
1202737800,155.230000,155.250000,155.220000,155.240000
1202737860,155.230000,155.240000,155.190000,155.190000
1202737920,155.200000,155.210000,155.170000,155.180000
1202737980,155.190000,155.240000,155.190000,155.200000
1202738040,155.190000,155.190000,155.170000,155.170000
1202738100,155.160000,155.160000,155.120000,155.150000
1202738160,155.140000,155.180000,155.140000,155.170000
1202738220,155.160000,155.170000,155.140000,155.150000
1202738280,155.160000,155.170000,155.120000,155.120000
1202738340,155.110000,155.150000,155.110000,155.120000
1202738400,155.130000,155.140000,155.110000,155.130000
1202738460,155.120000,155.150000,155.120000,155.130000
1202738520,155.140000,155.160000,155.130000,155.160000
1202738580,155.150000,155.170000,155.140000,155.140000
1202738640,155.130000,155.150000,155.110000,155.140000
1202738700,155.130000,155.140000,155.090000,155.100000
1202738760,155.090000,155.100000,155.030000,155.040000
1202738820,155.030000,155.050000,155.010000,155.030000
1202738880,155.020000,155.030000,154.950000,154.950000
1202738940,154.940000,154.970000,154.930000,154.950000
1202739000,154.940000,154.970000,154.900000,154.930000
1202739060,154.940000,154.980000,154.940000,154.980000
1202739120,154.970000,154.980000,154.950000,154.950000
1202739180,154.960000,154.970000,154.950000,154.960000
1202739240,154.970000,154.980000,154.940000,154.970000
1202739300,154.980000,155.000000,154.980000,154.990000
1202739360,155.000000,155.000000,154.970000,154.980000
1202739420,154.990000,154.990000,154.980000,154.980000
1202739480,154.990000,155.010000,154.970000,155.010000
1202739540,155.000000,155.050000,155.000000,155.020000
1202739600,155.030000,155.050000,155.010000,155.010000
1202739660,155.020000,155.020000,154.980000,155.000000
1202739720,154.990000,155.020000,154.990000,155.010000
1202739780,155.020000,155.020000,154.950000,154.950000
1202739840,154.960000,154.990000,154.960000,154.960000
1202739900,154.950000,154.980000,154.950000,154.980000
1202739960,154.980000,155.020000,154.980000,155.010000
1202740020,155.020000,155.020000,155.010000,155.020000
1202740080,155.010000,155.050000,155.000000,155.010000
1202740140,155.020000,155.030000,155.000000,155.010000
1202740200,155.020000,155.040000,154.990000,155.010000
1202740260,155.000000,155.000000,154.920000,154.920000
1202740320,154.930000,154.990000,154.920000,154.980000
1202740380,154.990000,155.040000,154.980000,155.030000
1202740440,155.020000,155.090000,155.020000,155.080000
1202740500,155.070000,155.070000,155.000000,155.040000
1202740560,155.050000,155.100000,155.040000,155.080000
1202740620,155.090000,155.110000,155.090000,155.100000
1202740680,155.090000,155.120000,155.070000,155.080000
1202740740,155.070000,155.080000,154.950000,154.950000
1202740800,154.960000,155.020000,154.940000,154.970000
1202740860,154.980000,154.980000,154.930000,154.930000
1202740920,154.920000,154.930000,154.910000,154.910000
1202740980,154.900000,154.940000,154.890000,154.910000
1202741040,154.920000,154.930000,154.880000,154.880000
1202741100,154.870000,154.890000,154.800000,154.800000
1202741160,154.790000,154.800000,154.690000,154.750000
1202741220,154.740000,154.790000,154.740000,154.790000
1202741280,154.800000,154.840000,154.790000,154.830000
1202741340,154.820000,154.820000,154.690000,154.710000
1202741400,154.730000,154.760000,154.710000,154.730000
1202741460,154.740000,154.780000,154.720000,154.720000
1202741520,154.730000,154.730000,154.620000,154.640000
1202741580,154.650000,154.650000,154.580000,154.600000
1202741640,154.590000,154.660000,154.570000,154.630000
1202741700,154.620000,154.680000,154.590000,154.650000
1202741760,154.670000,154.680000,154.590000,154.590000
1202741820,154.580000,154.630000,154.540000,154.550000
1202741880,154.560000,154.600000,154.540000,154.580000
1202741940,154.590000,154.640000,154.560000,154.620000
1202742000,154.630000,154.660000,154.590000,154.650000
1202742060,154.640000,154.680000,154.620000,154.630000
1202742120,154.640000,154.670000,154.600000,154.610000
1202742180,154.600000,154.610000,154.580000,154.610000
1202742240,154.600000,154.620000,154.540000,154.560000
1202742300,154.540000,154.560000,154.490000,154.490000
1202742360,154.480000,154.500000,154.440000,154.460000
1202742420,154.450000,154.490000,154.380000,154.390000
1202742480,154.380000,154.470000,154.380000,154.460000
1202742540,154.440000,154.460000,154.390000,154.400000
1202742600,154.390000,154.430000,154.390000,154.430000
1202742660,154.440000,154.440000,154.370000,154.370000
1202742720,154.380000,154.450000,154.360000,154.440000
1202742780,154.430000,154.480000,154.390000,154.480000
1202742840,154.470000,154.530000,154.470000,154.510000
1202742900,154.530000,154.540000,154.500000,154.540000
1202742960,154.530000,154.540000,154.470000,154.510000
1202743020,154.520000,154.570000,154.520000,154.550000
1202743080,154.560000,154.580000,154.540000,154.540000
1202743140,154.530000,154.540000,154.490000,154.520000
1202743200,154.540000,154.540000,154.470000,154.490000
1202743260,154.500000,154.520000,154.480000,154.490000
1202743320,154.480000,154.490000,154.400000,154.400000
1202743380,154.390000,154.410000,154.380000,154.390000
1202743440,154.400000,154.500000,154.400000,154.450000
1202743500,154.460000,154.490000,154.370000,154.380000
1202743560,154.390000,154.440000,154.390000,154.430000
1202743620,154.420000,154.420000,154.370000,154.400000
1202743680,154.390000,154.460000,154.390000,154.440000
1202743740,154.430000,154.520000,154.430000,154.510000
1202743800,154.520000,154.520000,154.480000,154.480000
1202743860,154.470000,154.480000,154.410000,154.470000
1202743920,154.460000,154.510000,154.440000,154.510000
1202743980,154.530000,154.570000,154.520000,154.540000
1202744040,154.530000,154.580000,154.500000,154.550000
1202744100,154.560000,154.610000,154.560000,154.570000
1202744160,154.580000,154.580000,154.500000,154.520000
1202744220,154.530000,154.560000,154.530000,154.530000
1202744280,154.520000,154.560000,154.520000,154.550000
1202744340,154.540000,154.560000,154.500000,154.510000
1202744400,154.520000,154.600000,154.510000,154.580000
1202744460,154.570000,154.590000,154.540000,154.580000
1202744520,154.590000,154.630000,154.580000,154.600000
1202744580,154.620000,154.620000,154.580000,154.580000
1202744640,154.590000,154.610000,154.590000,154.600000
1202744700,154.590000,154.650000,154.590000,154.630000
1202744760,154.610000,154.660000,154.600000,154.650000
1202744820,154.660000,154.720000,154.650000,154.690000
1202744880,154.680000,154.690000,154.640000,154.650000
1202744940,154.660000,154.710000,154.660000,154.700000
1202745000,154.690000,154.700000,154.600000,154.600000
1202745060,154.590000,154.620000,154.570000,154.620000
1202745120,154.610000,154.620000,154.560000,154.560000
1202745180,154.580000,154.590000,154.550000,154.580000
1202745240,154.570000,154.660000,154.570000,154.650000
1202745300,154.640000,154.660000,154.610000,154.640000
1202745360,154.630000,154.650000,154.620000,154.620000
1202745420,154.630000,154.680000,154.630000,154.680000
1202745480,154.670000,154.700000,154.650000,154.690000
1202745540,154.720000,154.800000,154.720000,154.780000
1202745600,154.790000,154.800000,154.770000,154.770000
1202745660,154.780000,154.780000,154.740000,154.740000
1202745720,154.720000,154.720000,154.690000,154.700000
1202745780,154.720000,154.720000,154.690000,154.720000
1202745840,154.710000,154.770000,154.710000,154.750000
1202745900,154.760000,154.820000,154.750000,154.810000
1202745960,154.820000,154.890000,154.800000,154.890000
1202746020,154.900000,154.900000,154.820000,154.820000
1202746080,154.830000,154.850000,154.800000,154.840000
1202746140,154.850000,154.890000,154.820000,154.850000
1202746200,154.860000,154.880000,154.850000,154.850000
1202746260,154.860000,154.880000,154.850000,154.880000
1202746320,154.890000,154.920000,154.880000,154.890000
1202746380,154.880000,154.900000,154.860000,154.870000
1202746440,154.860000,154.890000,154.820000,154.840000
1202746500,154.830000,154.840000,154.830000,154.840000
1202746560,154.850000,154.870000,154.840000,154.870000
1202746620,154.850000,154.880000,154.850000,154.850000
1202746680,154.840000,154.870000,154.810000,154.870000
1202746740,154.860000,154.890000,154.860000,154.860000
1202746800,154.870000,154.880000,154.850000,154.880000
1202746860,154.890000,154.950000,154.880000,154.940000
1202746920,154.930000,154.960000,154.920000,154.930000
1202746980,154.910000,154.920000,154.890000,154.890000
1202747040,154.900000,154.910000,154.870000,154.880000
1202747100,154.870000,154.890000,154.850000,154.890000
1202747160,154.880000,154.890000,154.810000,154.810000
1202747220,154.820000,154.840000,154.810000,154.840000
1202747280,154.830000,154.860000,154.810000,154.860000
1202747340,154.850000,154.910000,154.850000,154.870000
1202747400,154.860000,154.870000,154.760000,154.780000
1202747460,154.790000,154.840000,154.780000,154.840000
1202747520,154.850000,154.850000,154.790000,154.810000
1202747580,154.820000,154.840000,154.790000,154.810000
1202747640,154.800000,154.810000,154.800000,154.810000
1202747700,154.820000,154.820000,154.790000,154.800000
1202747760,154.810000,154.890000,154.800000,154.880000
1202747820,154.890000,154.890000,154.830000,154.840000
1202747880,154.830000,154.840000,154.790000,154.790000
1202747940,154.800000,154.850000,154.780000,154.850000
1202748000,154.840000,154.870000,154.840000,154.850000
1202748060,154.860000,154.870000,154.820000,154.830000
1202748120,154.820000,154.860000,154.780000,154.850000
1202748180,154.830000,154.850000,154.830000,154.840000
1202748240,154.850000,154.920000,154.830000,154.860000
1202748300,154.850000,154.870000,154.840000,154.860000
1202748360,154.840000,154.840000,154.810000,154.820000
1202748420,154.810000,154.830000,154.770000,154.830000
1202748480,154.810000,154.850000,154.800000,154.820000
1202748540,154.800000,154.820000,154.790000,154.820000
1202748600,154.810000,154.870000,154.810000,154.830000
1202748660,154.820000,154.820000,154.800000,154.800000
1202748720,154.810000,154.830000,154.800000,154.800000
1202748780,154.810000,154.840000,154.800000,154.800000
1202748840,154.810000,154.860000,154.800000,154.830000
1202748900,154.820000,154.820000,154.780000,154.790000
1202748960,154.780000,154.780000,154.770000,154.780000
1202749020,154.770000,154.770000,154.710000,154.720000
1202749080,154.710000,154.760000,154.710000,154.740000
1202749140,154.730000,154.740000,154.710000,154.730000
1202749200,154.740000,154.770000,154.740000,154.750000
1202749260,154.760000,154.780000,154.760000,154.780000
1202749320,154.800000,154.830000,154.790000,154.830000
1202749380,154.820000,154.830000,154.810000,154.830000
1202749440,154.820000,154.880000,154.820000,154.850000
1202749500,154.870000,154.890000,154.870000,154.890000
1202749560,154.900000,154.970000,154.900000,154.950000
1202749620,154.960000,154.980000,154.960000,154.970000
1202749680,154.960000,154.970000,154.940000,154.950000
1202749740,154.940000,154.960000,154.930000,154.930000
1202749800,154.940000,154.960000,154.930000,154.940000
1202749860,154.930000,154.940000,154.890000,154.900000
1202749920,154.890000,154.890000,154.870000,154.880000
1202749980,154.870000,154.900000,154.850000,154.900000
1202750040,154.890000,154.900000,154.880000,154.890000
1202750100,154.880000,154.910000,154.850000,154.880000
1202750160,154.890000,154.910000,154.830000,154.840000
1202750220,154.830000,154.850000,154.800000,154.840000
1202750280,154.830000,154.840000,154.790000,154.810000
1202750340,154.800000,154.820000,154.760000,154.820000
1202750400,154.830000,154.830000,154.820000,154.820000
1202750460,154.810000,154.840000,154.810000,154.840000
1202750520,154.830000,154.830000,154.790000,154.790000
1202750580,154.810000,154.820000,154.810000,154.810000
1202750640,154.800000,154.800000,154.760000,154.760000
1202750700,154.770000,154.780000,154.760000,154.770000
1202750760,154.760000,154.780000,154.750000,154.760000
1202750820,154.770000,154.770000,154.750000,154.760000
1202750880,154.750000,154.840000,154.750000,154.820000
1202750940,154.830000,154.830000,154.780000,154.780000
1202751000,154.790000,154.810000,154.740000,154.740000
1202751060,154.750000,154.780000,154.750000,154.780000
1202751120,154.770000,154.770000,154.740000,154.770000
1202751180,154.780000,154.800000,154.780000,154.800000
1202751240,154.820000,154.890000,154.820000,154.860000
1202751300,154.840000,154.900000,154.830000,154.900000
1202751360,154.910000,154.940000,154.870000,154.870000
1202751420,154.880000,155.000000,154.880000,155.000000
1202751480,154.990000,155.030000,154.990000,155.020000
1202751540,155.000000,155.020000,154.980000,155.020000
1202751600,155.010000,155.020000,154.980000,155.000000
1202751660,154.990000,154.990000,154.950000,154.960000
1202751720,154.950000,154.960000,154.930000,154.940000
1202751780,154.930000,154.960000,154.920000,154.960000
1202751840,154.990000,155.020000,154.980000,155.000000
1202751900,154.990000,155.000000,154.980000,155.000000
1202751960,154.980000,155.020000,154.970000,155.010000
1202752020,155.000000,155.020000,154.960000,154.960000
1202752080,154.950000,155.000000,154.950000,154.960000
1202752140,154.950000,155.010000,154.950000,155.010000
1202752200,155.000000,155.000000,154.940000,154.940000
1202752260,154.930000,154.940000,154.890000,154.890000
1202752320,154.900000,154.930000,154.900000,154.930000
1202752380,154.940000,154.960000,154.920000,154.920000
1202752440,154.910000,154.950000,154.910000,154.940000
1202752500,154.930000,154.930000,154.880000,154.890000
1202752560,154.880000,154.880000,154.840000,154.850000
1202752620,154.870000,154.880000,154.870000,154.880000
1202752680,154.890000,154.970000,154.890000,154.950000
1202752740,154.960000,155.020000,154.950000,155.020000
1202752800,155.010000,155.060000,155.010000,155.040000
1202752860,155.030000,155.040000,155.010000,155.040000
1202752920,155.050000,155.060000,155.050000,155.050000
1202752980,155.060000,155.060000,155.000000,155.000000
1202753040,155.010000,155.040000,155.000000,155.030000
1202753100,155.040000,155.040000,154.980000,154.990000
1202753160,155.000000,155.000000,154.970000,154.970000
1202753220,154.960000,154.960000,154.900000,154.900000
1202753280,154.890000,154.910000,154.860000,154.870000
1202753340,154.880000,154.900000,154.880000,154.900000
1202753400,154.910000,155.030000,154.900000,155.010000
1202753460,155.020000,155.060000,155.020000,155.020000
1202753520,155.010000,155.010000,154.960000,154.990000
1202753580,154.980000,155.040000,154.980000,155.040000
1202753640,155.030000,155.040000,155.010000,155.040000
1202753700,155.030000,155.030000,154.990000,155.000000
1202753760,154.980000,154.980000,154.950000,154.960000
1202753820,154.950000,154.960000,154.950000,154.950000
1202753880,154.940000,154.950000,154.930000,154.940000
1202753940,154.930000,154.940000,154.880000,154.880000
1202754000,154.870000,154.910000,154.870000,154.900000
1202754060,154.890000,154.920000,154.880000,154.900000
1202754120,154.910000,154.920000,154.900000,154.920000
1202754180,154.910000,154.910000,154.900000,154.900000
1202754240,154.890000,154.920000,154.890000,154.900000
1202754300,154.910000,154.910000,154.900000,154.900000
1202754360,154.890000,154.920000,154.890000,154.900000
1202754420,154.910000,154.950000,154.910000,154.930000
1202754480,154.940000,155.010000,154.940000,155.010000
1202754540,155.020000,155.040000,155.020000,155.040000
1202754600,155.050000,155.080000,155.050000,155.060000
1202754660,155.050000,155.060000,155.020000,155.020000
1202754720,155.030000,155.030000,155.020000,155.030000
1202754780,155.010000,155.030000,155.000000,155.030000
1202754840,155.040000,155.050000,155.030000,155.050000
1202754900,155.040000,155.040000,155.000000,155.000000
1202754960,155.010000,155.020000,155.000000,155.000000
1202755020,155.010000,155.050000,155.010000,155.020000
1202755080,155.010000,155.010000,154.990000,154.990000
1202755140,155.000000,155.010000,154.990000,155.000000
1202755200,155.020000,155.040000,155.000000,155.020000
1202755260,155.030000,155.060000,155.030000,155.060000
1202755320,155.070000,155.070000,155.020000,155.020000
1202755380,155.030000,155.030000,155.000000,155.000000
1202755440,155.010000,155.010000,154.990000,154.990000
1202755500,155.000000,155.010000,154.990000,154.990000
1202755560,155.000000,155.010000,155.000000,155.000000
1202755620,154.990000,155.000000,154.990000,155.000000
1202755680,154.990000,154.990000,154.950000,154.960000
1202755740,154.950000,154.970000,154.950000,154.970000
1202755800,154.980000,155.030000,154.980000,155.030000
1202755860,155.040000,155.070000,155.040000,155.050000
1202755920,155.040000,155.060000,155.040000,155.050000
1202755980,155.060000,155.080000,155.060000,155.070000
1202756040,155.060000,155.080000,155.060000,155.080000
1202756100,155.070000,155.080000,155.040000,155.050000
1202756160,155.040000,155.050000,155.020000,155.030000
1202756220,155.020000,155.080000,155.020000,155.070000
1202756280,155.060000,155.080000,155.040000,155.070000
1202756340,155.060000,155.080000,155.050000,155.070000
1202756400,155.060000,155.060000,155.000000,155.010000
1202756460,155.020000,155.040000,155.010000,155.010000
1202756520,155.020000,155.030000,155.020000,155.030000
1202756580,155.020000,155.060000,155.020000,155.040000
1202756640,155.050000,155.050000,155.010000,155.020000
1202756700,155.010000,155.020000,154.990000,155.000000
1202756760,155.010000,155.030000,155.000000,155.030000
1202756820,155.040000,155.080000,155.040000,155.080000
1202756880,155.070000,155.080000,155.050000,155.050000
1202757000,155.060000,155.070000,155.060000,155.070000
1202757060,155.080000,155.090000,155.070000,155.090000
1202757120,155.080000,155.100000,155.060000,155.080000
1202757180,155.090000,155.110000,155.060000,155.090000
1202757240,155.100000,155.190000,155.100000,155.180000
1202757300,155.190000,155.190000,155.140000,155.160000
1202757360,155.150000,155.220000,155.150000,155.200000
1202757420,155.210000,155.230000,155.170000,155.180000
1202757480,155.170000,155.170000,155.150000,155.170000
1202757540,155.160000,155.170000,155.150000,155.160000
1202757600,155.150000,155.170000,155.140000,155.170000
1202757660,155.160000,155.170000,155.160000,155.160000
1202757720,155.170000,155.170000,155.140000,155.140000
1202757780,155.150000,155.170000,155.140000,155.170000
1202757840,155.180000,155.190000,155.160000,155.160000
1202757900,155.170000,155.180000,155.160000,155.170000
1202758020,155.180000,155.200000,155.180000,155.190000
1202758080,155.170000,155.170000,155.160000,155.160000
1202758140,155.170000,155.170000,155.150000,155.150000
1202758200,155.140000,155.140000,155.140000,155.140000
1202758260,155.150000,155.150000,155.100000,155.110000
1202758320,155.100000,155.100000,155.090000,155.090000
1202758380,155.100000,155.130000,155.100000,155.110000
1202758440,155.120000,155.150000,155.120000,155.150000
1202758500,155.170000,155.170000,155.150000,155.160000
1202758560,155.170000,155.180000,155.170000,155.170000
1202758620,155.160000,155.160000,155.140000,155.140000
1202758680,155.130000,155.140000,155.080000,155.110000
1202758740,155.100000,155.120000,155.100000,155.100000
1202758800,155.090000,155.140000,155.090000,155.110000
1202758860,155.120000,155.130000,155.110000,155.130000
1202758920,155.120000,155.140000,155.120000,155.140000
1202758980,155.160000,155.160000,155.130000,155.140000
1202759040,155.130000,155.140000,155.130000,155.140000
1202759100,155.150000,155.160000,155.140000,155.160000
1202759160,155.140000,155.160000,155.140000,155.160000
1202759220,155.170000,155.190000,155.170000,155.180000
1202759280,155.170000,155.190000,155.170000,155.180000
1202759340,155.170000,155.180000,155.170000,155.170000
1202759400,155.180000,155.180000,155.170000,155.170000
1202759460,155.180000,155.240000,155.180000,155.230000
1202759520,155.250000,155.270000,155.210000,155.270000
1202759580,155.280000,155.280000,155.260000,155.260000
1202759640,155.270000,155.310000,155.260000,155.310000
1202759700,155.320000,155.360000,155.310000,155.320000
1202759760,155.310000,155.310000,155.300000,155.300000
1202759820,155.290000,155.300000,155.290000,155.300000
1202759880,155.290000,155.320000,155.290000,155.310000
1202759940,155.290000,155.290000,155.240000,155.250000
1202760000,155.270000,155.290000,155.250000,155.270000
1202760060,155.260000,155.280000,155.260000,155.280000
1202760120,155.290000,155.320000,155.240000,155.240000
1202760180,155.230000,155.290000,155.220000,155.270000
1202760240,155.280000,155.340000,155.280000,155.330000
1202760300,155.320000,155.330000,155.290000,155.310000
1202760360,155.320000,155.360000,155.320000,155.340000
1202760420,155.330000,155.350000,155.320000,155.340000
1202760480,155.350000,155.350000,155.340000,155.340000
1202760540,155.350000,155.350000,155.320000,155.340000
1202760600,155.350000,155.350000,155.320000,155.320000
1202760660,155.330000,155.340000,155.320000,155.320000
1202760720,155.330000,155.350000,155.320000,155.340000
1202760780,155.330000,155.340000,155.320000,155.320000
1202760840,155.310000,155.310000,155.300000,155.300000
1202760900,155.310000,155.310000,155.300000,155.310000
1202760960,155.300000,155.300000,155.280000,155.280000
1202761020,155.270000,155.280000,155.260000,155.270000
1202761080,155.280000,155.290000,155.280000,155.280000
1202761140,155.290000,155.290000,155.280000,155.280000
1202761200,155.270000,155.320000,155.270000,155.310000
1202761260,155.300000,155.340000,155.300000,155.340000
1202761320,155.330000,155.370000,155.330000,155.360000
1202761380,155.370000,155.400000,155.340000,155.390000
1202761440,155.380000,155.400000,155.380000,155.400000
1202761500,155.390000,155.390000,155.360000,155.360000
1202761560,155.370000,155.380000,155.350000,155.360000
1202761620,155.370000,155.380000,155.350000,155.370000
1202761680,155.350000,155.380000,155.340000,155.350000
1202761740,155.360000,155.360000,155.350000,155.350000
1202761800,155.340000,155.360000,155.330000,155.340000
1202761860,155.350000,155.360000,155.340000,155.350000
1202761920,155.360000,155.360000,155.340000,155.340000
1202761980,155.330000,155.340000,155.330000,155.340000
1202762040,155.330000,155.340000,155.320000,155.320000
1202762100,155.310000,155.320000,155.300000,155.310000
1202762160,155.300000,155.310000,155.300000,155.300000
1202762220,155.290000,155.300000,155.290000,155.300000
1202762280,155.290000,155.300000,155.270000,155.270000
1202762340,155.280000,155.280000,155.250000,155.250000
1202762400,155.260000,155.270000,155.230000,155.250000
1202762460,155.240000,155.250000,155.230000,155.240000
1202762520,155.230000,155.240000,155.230000,155.240000
1202762580,155.250000,155.280000,155.240000,155.240000
1202762640,155.250000,155.270000,155.250000,155.250000
1202762700,155.240000,155.250000,155.220000,155.230000
1202762760,155.220000,155.240000,155.220000,155.240000
1202762820,155.260000,155.270000,155.240000,155.250000
1202762880,155.260000,155.280000,155.250000,155.280000
1202762940,155.270000,155.270000,155.260000,155.270000
1202763000,155.280000,155.280000,155.260000,155.260000
1202763120,155.240000,155.240000,155.240000,155.240000
1202763180,155.250000,155.260000,155.250000,155.250000
1202763240,155.240000,155.250000,155.240000,155.250000
1202763300,155.240000,155.250000,155.240000,155.240000
1202763360,155.250000,155.250000,155.240000,155.250000
1202763420,155.260000,155.260000,155.260000,155.260000
1202763480,155.250000,155.280000,155.250000,155.270000
1202763540,155.280000,155.300000,155.280000,155.280000
1202763600,155.290000,155.300000,155.280000,155.300000
1202763660,155.310000,155.310000,155.300000,155.310000
1202763720,155.300000,155.330000,155.300000,155.320000
1202763780,155.330000,155.330000,155.320000,155.330000
1202763840,155.320000,155.330000,155.320000,155.330000
1202763900,155.340000,155.350000,155.340000,155.350000
1202764020,155.360000,155.360000,155.340000,155.350000
1202764080,155.360000,155.360000,155.360000,155.360000
1202764140,155.370000,155.380000,155.360000,155.370000
1202764200,155.380000,155.380000,155.370000,155.380000
1202764260,155.390000,155.390000,155.380000,155.390000
1202764380,155.400000,155.410000,155.390000,155.410000
1202764500,155.430000,155.430000,155.410000,155.420000
1202764560,155.430000,155.430000,155.430000,155.430000
1202764620,155.420000,155.430000,155.420000,155.420000
1202764680,155.430000,155.430000,155.420000,155.420000
1202764740,155.430000,155.430000,155.420000,155.420000
1202764800,155.430000,155.430000,155.420000,155.420000
1202764860,155.410000,155.420000,155.410000,155.420000
1202765040,155.410000,155.410000,155.410000,155.410000
1202765100,155.420000,155.420000,155.420000,155.420000
1202765160,155.410000,155.410000,155.410000,155.410000
1202765280,155.420000,155.430000,155.410000,155.430000
1202765340,155.440000,155.460000,155.430000,155.450000
1202765400,155.440000,155.460000,155.440000,155.450000
1202765460,155.430000,155.430000,155.430000,155.430000
1202765520,155.420000,155.420000,155.410000,155.410000
1202765580,155.420000,155.420000,155.390000,155.390000
1202765760,155.400000,155.400000,155.390000,155.390000
1202765820,155.400000,155.420000,155.390000,155.390000
1202765880,155.400000,155.410000,155.390000,155.400000
1202765940,155.390000,155.400000,155.370000,155.370000
1202766060,155.360000,155.370000,155.360000,155.360000
1202766120,155.350000,155.360000,155.350000,155.360000
1202766180,155.350000,155.360000,155.350000,155.360000
1202766240,155.350000,155.360000,155.350000,155.350000
1202766300,155.360000,155.360000,155.350000,155.350000
1202766360,155.340000,155.350000,155.340000,155.350000
1202766420,155.340000,155.350000,155.340000,155.350000
1202766480,155.340000,155.340000,155.340000,155.340000
1202766540,155.350000,155.350000,155.340000,155.340000
1202766600,155.330000,155.340000,155.320000,155.330000
1202766720,155.320000,155.360000,155.320000,155.360000
1202766780,155.350000,155.350000,155.330000,155.340000
1202766840,155.350000,155.350000,155.340000,155.350000
1202766900,155.340000,155.350000,155.330000,155.340000
1202766960,155.350000,155.350000,155.320000,155.330000
1202767020,155.310000,155.330000,155.310000,155.330000
1202767080,155.340000,155.340000,155.320000,155.320000
1202767140,155.330000,155.350000,155.320000,155.340000
1202767200,155.330000,155.340000,155.330000,155.340000
1202767260,155.330000,155.330000,155.320000,155.320000
1202767320,155.330000,155.330000,155.320000,155.330000
1202767380,155.320000,155.320000,155.280000,155.290000
1202767440,155.280000,155.290000,155.230000,155.230000
1202767500,155.250000,155.260000,155.220000,155.230000
1202767560,155.240000,155.240000,155.240000,155.240000
1202767620,155.230000,155.230000,155.170000,155.190000
1202767680,155.180000,155.180000,155.140000,155.170000
1202767740,155.180000,155.180000,155.160000,155.160000
1202767800,155.150000,155.160000,155.150000,155.160000
1202767860,155.150000,155.150000,155.140000,155.150000
1202768040,155.160000,155.160000,155.160000,155.160000
1202768100,155.170000,155.190000,155.160000,155.180000
1202768160,155.190000,155.190000,155.190000,155.190000
1202768220,155.200000,155.210000,155.200000,155.210000
1202768400,155.200000,155.210000,155.200000,155.210000
1202768460,155.200000,155.210000,155.200000,155.200000
1202768520,155.190000,155.220000,155.190000,155.220000
1202768580,155.210000,155.230000,155.190000,155.190000
1202768640,155.200000,155.220000,155.180000,155.180000
1202768700,155.190000,155.200000,155.190000,155.190000
1202768760,155.200000,155.200000,155.200000,155.200000
1202768820,155.190000,155.190000,155.190000,155.190000
1202768880,155.180000,155.200000,155.170000,155.190000
1202768940,155.200000,155.250000,155.200000,155.250000
1202769000,155.240000,155.250000,155.240000,155.250000
1202769060,155.240000,155.240000,155.240000,155.240000
1202769120,155.230000,155.230000,155.190000,155.210000
1202769180,155.200000,155.210000,155.180000,155.200000
1202769240,155.210000,155.230000,155.210000,155.230000
1202769300,155.240000,155.250000,155.240000,155.240000
1202769360,155.230000,155.250000,155.230000,155.250000
1202769480,155.240000,155.250000,155.240000,155.250000
1202769540,155.280000,155.300000,155.270000,155.280000
1202769600,155.270000,155.280000,155.270000,155.280000
1202769660,155.270000,155.280000,155.270000,155.280000
1202769720,155.300000,155.300000,155.290000,155.290000
1202769780,155.300000,155.300000,155.290000,155.290000
1202769840,155.280000,155.290000,155.270000,155.290000
1202769900,155.280000,155.300000,155.280000,155.290000
1202769960,155.270000,155.300000,155.270000,155.290000
1202770020,155.300000,155.300000,155.300000,155.300000
1202770080,155.290000,155.290000,155.260000,155.270000
1202770140,155.280000,155.280000,155.250000,155.250000
1202770200,155.270000,155.270000,155.260000,155.260000
1202770260,155.270000,155.270000,155.260000,155.260000
1202770320,155.250000,155.250000,155.210000,155.230000
1202770380,155.220000,155.220000,155.220000,155.220000
1202770440,155.230000,155.230000,155.190000,155.190000
1202770500,155.200000,155.200000,155.180000,155.200000
1202770620,155.210000,155.210000,155.200000,155.210000
1202770680,155.200000,155.210000,155.190000,155.190000
1202770740,155.200000,155.200000,155.170000,155.170000
1202770800,155.180000,155.190000,155.170000,155.190000
1202770920,155.200000,155.200000,155.190000,155.200000
1202770980,155.180000,155.210000,155.170000,155.190000
1202771040,155.180000,155.200000,155.180000,155.180000
1202771100,155.170000,155.200000,155.160000,155.170000
1202771160,155.180000,155.180000,155.180000,155.180000
1202771280,155.190000,155.190000,155.180000,155.190000
1202771340,155.200000,155.200000,155.190000,155.200000
1202771400,155.190000,155.200000,155.190000,155.200000
1202771520,155.210000,155.210000,155.210000,155.210000
1202771580,155.200000,155.210000,155.200000,155.210000
1202771640,155.220000,155.230000,155.220000,155.230000
1202771700,155.220000,155.230000,155.200000,155.200000
1202771760,155.190000,155.200000,155.190000,155.200000
1202771820,155.190000,155.200000,155.180000,155.180000
1202771880,155.160000,155.180000,155.140000,155.160000
1202771940,155.150000,155.160000,155.140000,155.140000
1202772000,155.130000,155.170000,155.130000,155.140000
1202772060,155.130000,155.150000,155.130000,155.130000
1202772120,155.140000,155.140000,155.090000,155.090000
1202772180,155.080000,155.090000,155.060000,155.070000
1202772240,155.080000,155.110000,155.080000,155.100000
1202772300,155.110000,155.110000,155.110000,155.110000
1202772360,155.100000,155.110000,155.100000,155.110000
1202772420,155.100000,155.110000,155.100000,155.110000
1202772480,155.120000,155.180000,155.120000,155.140000
1202772540,155.150000,155.150000,155.150000,155.150000
1202772600,155.160000,155.160000,155.160000,155.160000
1202772660,155.170000,155.170000,155.110000,155.120000
1202772720,155.130000,155.150000,155.110000,155.120000
1202772780,155.110000,155.110000,155.110000,155.110000
1202772840,155.100000,155.120000,155.100000,155.100000
1202772900,155.090000,155.140000,155.090000,155.140000
1202772960,155.130000,155.150000,155.130000,155.150000
1202773020,155.170000,155.180000,155.150000,155.150000
1202773080,155.130000,155.130000,155.130000,155.130000
1202773140,155.120000,155.130000,155.110000,155.130000
1202773200,155.140000,155.140000,155.100000,155.110000
1202773260,155.120000,155.120000,155.110000,155.120000
1202773380,155.110000,155.120000,155.110000,155.120000
1202773440,155.130000,155.130000,155.120000,155.120000
1202773560,155.110000,155.110000,155.060000,155.080000
1202773620,155.090000,155.090000,155.080000,155.080000
1202773680,155.070000,155.080000,155.070000,155.080000
1202773740,155.090000,155.090000,155.060000,155.070000
1202773800,155.080000,155.080000,155.050000,155.050000
1202773860,155.040000,155.060000,155.040000,155.060000
1202773920,155.050000,155.050000,155.010000,155.020000
1202773980,155.010000,155.050000,154.980000,155.000000
1202774040,154.990000,155.000000,154.920000,154.960000
1202774100,154.970000,154.980000,154.950000,154.970000
1202774160,154.960000,154.970000,154.950000,154.950000
1202774220,154.940000,154.970000,154.940000,154.970000
1202774280,154.980000,155.060000,154.980000,155.050000
1202774340,155.060000,155.060000,155.000000,155.000000
1202774400,155.010000,155.010000,154.960000,154.990000
1202774460,155.000000,155.000000,154.970000,154.990000
1202774520,155.000000,155.010000,154.990000,155.000000
1202774580,155.010000,155.010000,155.000000,155.000000
1202774640,155.010000,155.020000,154.990000,154.990000
1202774700,155.000000,155.010000,154.990000,154.990000
1202774760,154.980000,154.990000,154.980000,154.980000
1202774820,154.970000,154.970000,154.920000,154.970000
1202774880,154.960000,154.960000,154.910000,154.930000
1202774940,154.940000,154.960000,154.940000,154.950000
1202775000,154.960000,154.980000,154.930000,154.960000
1202775060,154.950000,154.960000,154.930000,154.930000
1202775120,154.940000,154.960000,154.940000,154.960000
1202775180,154.950000,154.960000,154.940000,154.960000
1202775240,154.970000,154.990000,154.970000,154.990000
1202775300,155.000000,155.000000,154.990000,154.990000
1202775360,155.000000,155.000000,154.970000,155.000000
1202775420,154.990000,155.000000,154.980000,155.000000
1202775480,154.990000,155.040000,154.990000,155.040000
1202775540,155.050000,155.050000,155.010000,155.020000
1202775600,155.030000,155.050000,155.020000,155.040000
1202775660,155.030000,155.040000,155.030000,155.030000
1202775720,155.020000,155.020000,154.980000,155.000000
1202775780,154.990000,155.010000,154.980000,155.000000
1202775840,154.990000,155.000000,154.990000,155.000000
1202775900,155.010000,155.010000,154.990000,154.990000
1202775960,155.000000,155.000000,154.990000,154.990000
1202776020,155.000000,155.000000,154.990000,154.990000
1202776080,154.980000,155.000000,154.980000,154.990000
1202776140,154.980000,154.990000,154.970000,154.990000
1202776200,155.000000,155.000000,154.990000,155.000000
1202776320,154.990000,154.990000,154.990000,154.990000
1202776380,154.980000,155.010000,154.980000,155.010000
1202776440,155.000000,155.010000,154.980000,155.010000
1202776500,155.020000,155.040000,155.020000,155.040000
1202776560,155.050000,155.050000,155.050000,155.050000
1202776620,155.060000,155.080000,155.060000,155.080000
1202776680,155.070000,155.090000,155.070000,155.070000
1202776740,155.060000,155.070000,155.050000,155.060000
1202776800,155.070000,155.080000,155.070000,155.080000
1202776860,155.070000,155.070000,155.060000,155.060000
1202776920,155.070000,155.070000,155.060000,155.060000
1202776980,155.070000,155.070000,155.060000,155.070000
1202777100,155.060000,155.060000,155.050000,155.060000
1202777160,155.070000,155.090000,155.070000,155.080000
1202777220,155.090000,155.090000,155.070000,155.080000
1202777280,155.070000,155.070000,155.050000,155.070000
1202777340,155.060000,155.070000,155.050000,155.050000
1202777400,155.060000,155.080000,155.050000,155.080000
1202777460,155.070000,155.070000,155.070000,155.070000
1202777520,155.060000,155.070000,155.060000,155.070000
1202777580,155.060000,155.110000,155.060000,155.110000
1202777640,155.120000,155.120000,155.080000,155.100000
1202777700,155.090000,155.110000,155.070000,155.090000
1202777760,155.100000,155.110000,155.090000,155.100000
1202777820,155.110000,155.110000,155.060000,155.060000
1202777880,155.070000,155.090000,155.060000,155.070000
1202777940,155.080000,155.080000,155.080000,155.080000
1202778000,155.090000,155.090000,155.070000,155.080000
1202778060,155.070000,155.080000,155.070000,155.070000
1202778120,155.080000,155.080000,155.080000,155.080000
1202778180,155.070000,155.080000,155.030000,155.050000
1202778240,155.060000,155.060000,155.050000,155.060000
1202778300,155.070000,155.070000,155.060000,155.070000
1202778360,155.080000,155.080000,155.060000,155.070000
1202778420,155.080000,155.090000,155.080000,155.090000
1202778480,155.080000,155.090000,155.080000,155.090000
1202778540,155.100000,155.100000,155.080000,155.090000
1202778600,155.080000,155.100000,155.080000,155.080000
1202778660,155.070000,155.070000,155.070000,155.070000
1202778720,155.080000,155.080000,155.080000,155.080000
1202778780,155.070000,155.070000,155.070000,155.070000
1202778900,155.080000,155.080000,155.080000,155.080000
1202778960,155.090000,155.090000,155.080000,155.090000
1202779020,155.080000,155.090000,155.080000,155.080000
1202779080,155.090000,155.090000,155.080000,155.080000
1202779140,155.070000,155.090000,155.070000,155.080000
1202779200,155.090000,155.100000,155.080000,155.100000
1202779260,155.090000,155.090000,155.080000,155.090000
1202779320,155.100000,155.130000,155.100000,155.120000
1202779380,155.130000,155.150000,155.120000,155.140000
1202779440,155.130000,155.130000,155.130000,155.130000
1202779500,155.140000,155.180000,155.140000,155.180000
1202779560,155.170000,155.170000,155.160000,155.170000
1202779620,155.180000,155.230000,155.180000,155.190000
1202779680,155.200000,155.230000,155.180000,155.180000
1202779740,155.190000,155.190000,155.170000,155.170000
1202779800,155.180000,155.190000,155.180000,155.180000
1202779860,155.190000,155.230000,155.190000,155.210000
1202779920,155.200000,155.200000,155.130000,155.130000
1202779980,155.140000,155.150000,155.140000,155.150000
1202780040,155.140000,155.160000,155.140000,155.150000
1202780100,155.160000,155.170000,155.140000,155.150000
1202780160,155.140000,155.140000,155.110000,155.120000
1202780220,155.130000,155.130000,155.100000,155.130000
1202780280,155.140000,155.160000,155.130000,155.160000
1202780340,155.140000,155.150000,155.140000,155.140000
1202780400,155.150000,155.160000,155.150000,155.160000
1202780460,155.150000,155.150000,155.150000,155.150000
1202780520,155.160000,155.180000,155.140000,155.170000
1202780580,155.160000,155.210000,155.160000,155.200000
1202780640,155.210000,155.230000,155.200000,155.220000
1202780700,155.230000,155.240000,155.230000,155.240000
1202780760,155.250000,155.260000,155.210000,155.220000
1202780820,155.210000,155.210000,155.190000,155.200000
1202781000,155.190000,155.190000,155.170000,155.170000
1202781060,155.180000,155.180000,155.180000,155.180000
1202781120,155.190000,155.210000,155.190000,155.210000
1202781180,155.200000,155.200000,155.190000,155.190000
1202781240,155.180000,155.190000,155.170000,155.190000
1202781300,155.200000,155.200000,155.190000,155.200000
1202781360,155.190000,155.200000,155.170000,155.170000
1202781480,155.160000,155.160000,155.150000,155.160000
1202781540,155.170000,155.170000,155.160000,155.160000
1202781600,155.170000,155.180000,155.170000,155.180000
1202781660,155.170000,155.170000,155.130000,155.130000
1202781720,155.120000,155.130000,155.110000,155.110000
1202781780,155.130000,155.160000,155.130000,155.160000
1202781840,155.170000,155.190000,155.170000,155.180000
1202781900,155.170000,155.190000,155.170000,155.180000
1202781960,155.190000,155.210000,155.190000,155.200000
1202782020,155.220000,155.220000,155.200000,155.210000
1202782080,155.230000,155.250000,155.210000,155.230000
1202782140,155.220000,155.250000,155.220000,155.230000
1202782260,155.240000,155.240000,155.230000,155.240000
1202782320,155.230000,155.240000,155.220000,155.230000
1202782380,155.240000,155.240000,155.200000,155.200000
1202782440,155.190000,155.210000,155.180000,155.190000
1202782560,155.180000,155.180000,155.150000,155.170000
1202782620,155.160000,155.180000,155.160000,155.170000
1202782680,155.180000,155.180000,155.170000,155.180000
1202782740,155.170000,155.190000,155.170000,155.190000
1202782800,155.180000,155.200000,155.180000,155.190000
1202782860,155.180000,155.210000,155.180000,155.200000
1202782920,155.190000,155.190000,155.190000,155.190000
1202782980,155.180000,155.180000,155.180000,155.180000
1202783040,155.190000,155.190000,155.190000,155.190000
1202783100,155.200000,155.200000,155.190000,155.200000
1202783160,155.190000,155.210000,155.190000,155.190000
1202783220,155.180000,155.190000,155.170000,155.170000
1202783280,155.180000,155.190000,155.180000,155.190000
1202783340,155.200000,155.200000,155.180000,155.190000
1202783400,155.200000,155.200000,155.190000,155.200000
1202783460,155.210000,155.210000,155.200000,155.210000
1202783520,155.220000,155.230000,155.210000,155.210000
1202783640,155.200000,155.200000,155.180000,155.180000
1202783700,155.190000,155.190000,155.180000,155.180000
1202783760,155.190000,155.190000,155.180000,155.180000
1202783820,155.190000,155.190000,155.170000,155.170000
1202783880,155.160000,155.170000,155.160000,155.170000
1202783940,155.160000,155.170000,155.160000,155.170000
1202784000,155.180000,155.180000,155.180000,155.180000
1202784060,155.170000,155.230000,155.170000,155.230000
1202784120,155.220000,155.220000,155.220000,155.220000
1202784180,155.230000,155.230000,155.220000,155.220000
1202784240,155.210000,155.210000,155.210000,155.210000
1202784300,155.200000,155.200000,155.200000,155.200000
1202784360,155.210000,155.210000,155.210000,155.210000
1202784420,155.220000,155.230000,155.210000,155.230000
1202784480,155.240000,155.240000,155.230000,155.230000
1202784540,155.220000,155.230000,155.220000,155.220000
1202784600,155.210000,155.220000,155.210000,155.220000
1202784660,155.210000,155.210000,155.200000,155.200000
1202784720,155.210000,155.220000,155.210000,155.220000
1202784780,155.240000,155.240000,155.230000,155.230000
1202784900,155.240000,155.270000,155.240000,155.260000
1202784960,155.270000,155.270000,155.260000,155.270000
1202785020,155.260000,155.270000,155.260000,155.270000
1202785080,155.260000,155.260000,155.240000,155.240000
1202785140,155.230000,155.230000,155.230000,155.230000
1202785200,155.220000,155.240000,155.220000,155.230000
1202785260,155.240000,155.240000,155.240000,155.240000
1202785320,155.230000,155.250000,155.230000,155.250000
1202785380,155.260000,155.260000,155.250000,155.250000
1202785440,155.240000,155.240000,155.230000,155.230000
1202785500,155.240000,155.240000,155.230000,155.230000
1202785560,155.220000,155.260000,155.220000,155.250000
1202785620,155.260000,155.260000,155.250000,155.250000
1202785680,155.260000,155.260000,155.250000,155.250000
1202785740,155.240000,155.250000,155.240000,155.240000
1202785800,155.250000,155.250000,155.240000,155.240000
1202785860,155.230000,155.230000,155.230000,155.230000
1202785920,155.220000,155.230000,155.220000,155.230000
1202786040,155.240000,155.240000,155.240000,155.240000
1202786100,155.250000,155.250000,155.250000,155.250000
1202786160,155.240000,155.250000,155.240000,155.250000
1202786220,155.240000,155.260000,155.240000,155.260000
1202786280,155.270000,155.270000,155.260000,155.270000
1202786340,155.280000,155.280000,155.260000,155.260000
1202786400,155.270000,155.270000,155.240000,155.250000
1202786460,155.240000,155.240000,155.220000,155.230000
1202786520,155.240000,155.240000,155.240000,155.240000
1202786640,155.250000,155.250000,155.230000,155.240000
1202786700,155.230000,155.240000,155.220000,155.220000
1202786760,155.210000,155.230000,155.210000,155.220000
1202786820,155.210000,155.220000,155.180000,155.190000
1202786880,155.180000,155.190000,155.150000,155.150000
1202786940,155.160000,155.170000,155.160000,155.170000
1202787000,155.180000,155.180000,155.170000,155.180000
1202787060,155.170000,155.170000,155.170000,155.170000
1202787120,155.180000,155.180000,155.150000,155.150000
1202787240,155.160000,155.170000,155.160000,155.160000
1202787300,155.150000,155.150000,155.150000,155.150000
1202787360,155.160000,155.160000,155.160000,155.160000
1202787420,155.170000,155.170000,155.160000,155.170000
1202787480,155.180000,155.180000,155.170000,155.170000
1202787540,155.160000,155.180000,155.160000,155.180000
1202787600,155.170000,155.180000,155.160000,155.170000
1202787660,155.160000,155.180000,155.160000,155.180000
1202787720,155.190000,155.190000,155.180000,155.180000
1202787780,155.190000,155.210000,155.190000,155.210000
1202787840,155.200000,155.200000,155.200000,155.200000
1202787960,155.210000,155.210000,155.200000,155.200000
1202788020,155.210000,155.210000,155.200000,155.210000
1202788080,155.200000,155.200000,155.190000,155.190000
1202788140,155.200000,155.200000,155.190000,155.200000
1202788260,155.190000,155.190000,155.180000,155.190000
1202788320,155.180000,155.190000,155.150000,155.150000
1202788380,155.140000,155.160000,155.140000,155.150000
1202788440,155.160000,155.160000,155.160000,155.160000
1202788500,155.170000,155.180000,155.170000,155.180000
1202788560,155.190000,155.200000,155.190000,155.200000
1202788620,155.210000,155.240000,155.210000,155.230000
1202788680,155.220000,155.220000,155.200000,155.220000
1202788740,155.230000,155.230000,155.220000,155.230000
1202788800,155.220000,155.230000,155.210000,155.220000
1202788860,155.230000,155.250000,155.220000,155.240000
1202788920,155.230000,155.250000,155.220000,155.250000
1202788980,155.240000,155.240000,155.240000,155.240000
1202789040,155.230000,155.230000,155.220000,155.230000
1202789100,155.240000,155.240000,155.200000,155.200000
1202789160,155.210000,155.220000,155.200000,155.200000
1202789220,155.210000,155.210000,155.210000,155.210000
1202789280,155.220000,155.220000,155.210000,155.220000
1202789340,155.230000,155.230000,155.220000,155.220000
1202789400,155.230000,155.230000,155.230000,155.230000
1202789460,155.220000,155.230000,155.220000,155.230000
1202789520,155.220000,155.220000,155.200000,155.200000
1202789580,155.210000,155.210000,155.200000,155.210000
1202789640,155.220000,155.220000,155.220000,155.220000
1202789700,155.210000,155.220000,155.210000,155.220000
1202789760,155.210000,155.220000,155.210000,155.220000
1202789820,155.210000,155.220000,155.200000,155.210000
1202789880,155.220000,155.220000,155.210000,155.220000
1202789940,155.230000,155.260000,155.230000,155.240000
1202790000,155.230000,155.240000,155.220000,155.220000
1202790060,155.210000,155.230000,155.210000,155.220000
1202790120,155.210000,155.210000,155.210000,155.210000
1202790180,155.220000,155.220000,155.220000,155.220000
1202790240,155.230000,155.230000,155.230000,155.230000
1202790300,155.240000,155.240000,155.240000,155.240000
1202790360,155.230000,155.240000,155.230000,155.240000
1202790420,155.230000,155.230000,155.220000,155.220000
1202790540,155.230000,155.230000,155.220000,155.230000
1202790600,155.220000,155.240000,155.220000,155.230000
1202790660,155.240000,155.270000,155.240000,155.250000
1202790720,155.240000,155.250000,155.230000,155.250000
1202790780,155.240000,155.250000,155.240000,155.240000
1202790840,155.230000,155.240000,155.230000,155.240000
1202790900,155.230000,155.240000,155.230000,155.240000
1202790960,155.250000,155.250000,155.240000,155.240000
1202791080,155.230000,155.240000,155.230000,155.240000
1202791200,155.230000,155.240000,155.230000,155.240000
1202791320,155.250000,155.250000,155.240000,155.240000
1202791380,155.250000,155.250000,155.180000,155.190000
1202791500,155.200000,155.200000,155.190000,155.200000
1202791560,155.190000,155.190000,155.180000,155.180000
1202791620,155.170000,155.180000,155.170000,155.180000
1202791680,155.190000,155.200000,155.180000,155.180000
1202791740,155.190000,155.230000,155.190000,155.230000
1202791800,155.240000,155.250000,155.230000,155.250000
1202791860,155.240000,155.240000,155.220000,155.220000
1202791920,155.230000,155.240000,155.190000,155.190000
1202791980,155.200000,155.200000,155.190000,155.190000
1202792040,155.200000,155.200000,155.180000,155.180000
1202792100,155.190000,155.200000,155.190000,155.200000
1202792160,155.210000,155.210000,155.210000,155.210000
1202792280,155.200000,155.210000,155.190000,155.210000
1202792340,155.220000,155.220000,155.200000,155.200000
