Etc/UTC,Open,High,Low,Close,Volume
2006-01-02T00:00:00+00:00,1.72267,1.72269,1.72252,1.72263,48200000
2006-01-02T00:01:00+00:00,1.72262,1.72271,1.72261,1.72261,78000000
2006-01-02T00:02:00+00:00,1.72258,1.72258,1.72251,1.72252,88100000
2006-01-02T00:03:00+00:00,1.72256,1.72266,1.72256,1.72266,101300000
2006-01-02T00:04:00+00:00,1.72255,1.7226,1.72254,1.72258,61000000
2006-01-02T00:05:00+00:00,1.72268,1.72277,1.72266,1.72269,101800000
2006-01-02T00:06:00+00:00,1.7225,1.72255,1.72247,1.72247,38500000
2006-01-02T00:07:00+00:00,1.72268,1.72268,1.72258,1.72258,30200000
2006-01-02T00:08:00+00:00,1.72268,1.72269,1.72264,1.72267,34900000
2006-01-02T00:09:00+00:00,1.72257,1.72266,1.72254,1.72258,116700000
2006-01-02T00:10:00+00:00,1.72266,1.7227,1.72251,1.72253,111300000
2006-01-02T00:11:00+00:00,1.72259,1.72263,1.7225,1.72257,77200000
2006-01-02T00:13:00+00:00,1.72252,1.72269,1.72251,1.72267,61800000
2006-01-02T00:14:00+00:00,1.7227,1.7227,1.72255,1.72258,41300000
2006-01-02T00:15:00+00:00,1.72259,1.72271,1.72258,1.72271,71000000
2006-01-02T00:16:00+00:00,1.72268,1.72268,1.72253,1.72253,22600000
2006-01-02T00:17:00+00:00,1.7226,1.72267,1.7226,1.72267,45600000
2006-01-02T00:18:00+00:00,1.72268,1.72273,1.72259,1.72273,67800000
2006-01-02T00:19:00+00:00,1.72265,1.72271,1.72254,1.72271,48700000
2006-01-02T00:20:00+00:00,1.72272,1.72272,1.72256,1.72257,54800000
2006-01-02T00:21:00+00:00,1.72252,1.72271,1.7225,1.7227,70900000
2006-01-02T00:22:00+00:00,1.72264,1.72276,1.72261,1.72261,84500000
2006-01-02T00:23:00+00:00,1.72263,1.72271,1.72262,1.72262,11600000
2006-01-02T00:24:00+00:00,1.72256,1.72265,1.72255,1.72265,20800000
2006-01-02T00:25:00+00:00,1.72259,1.7226,1.72253,1.72253,32200000
2006-01-02T00:26:00+00:00,1.72255,1.72265,1.72248,1.72259,58000000
2006-01-02T00:27:00+00:00,1.72253,1.72271,1.72251,1.72271,79600000
2006-01-02T00:28:00+00:00,1.72261,1.72269,1.72261,1.72269,3800000
2006-01-02T00:29:00+00:00,1.7226,1.7227,1.72248,1.7227,74000000
2006-01-02T00:30:00+00:00,1.72265,1.72266,1.72261,1.72266,27000000
2006-01-02T00:31:00+00:00,1.7227,1.7227,1.72232,1.72259,80500000
2006-01-02T00:32:00+00:00,1.72255,1.7227,1.72255,1.7226,45300000
2006-01-02T00:33:00+00:00,1.72269,1.72273,1.7226,1.72263,36100000
2006-01-02T00:34:00+00:00,1.7226,1.72271,1.72259,1.72259,45400000
2006-01-02T00:35:00+00:00,1.7226,1.72272,1.7226,1.72263,122300000
2006-01-02T00:36:00+00:00,1.72258,1.72262,1.72254,1.7226,21900000
2006-01-02T00:37:00+00:00,1.7226,1.72265,1.72257,1.72265,68400000
2006-01-02T00:38:00+00:00,1.72259,1.72273,1.72259,1.72273,57900000
2006-01-02T00:39:00+00:00,1.72273,1.72273,1.72262,1.72272,52900000
2006-01-02T00:40:00+00:00,1.72268,1.72268,1.72262,1.72262,71300000
2006-01-02T00:41:00+00:00,1.72258,1.72268,1.72256,1.72268,89100000
2006-01-02T00:42:00+00:00,1.7227,1.7227,1.72259,1.72259,44500000
2006-01-02T00:43:00+00:00,1.72252,1.7226,1.72252,1.72258,12100000
2006-01-02T00:44:00+00:00,1.72243,1.72263,1.72243,1.72263,59100000
2006-01-02T00:45:00+00:00,1.72254,1.72264,1.72254,1.72262,16800000
2006-01-02T00:46:00+00:00,1.72266,1.72277,1.72263,1.72263,71000000
2006-01-02T00:47:00+00:00,1.72267,1.72268,1.72267,1.72268,23800000
2006-01-02T00:48:00+00:00,1.72265,1.72267,1.72253,1.72259,56000000
2006-01-02T00:49:00+00:00,1.72262,1.72268,1.72256,1.72258,83500000
2006-01-02T00:50:00+00:00,1.72258,1.72272,1.72258,1.72272,42600000
2006-01-02T00:51:00+00:00,1.72263,1.72272,1.72256,1.72272,60900000
2006-01-02T00:52:00+00:00,1.72265,1.72267,1.72254,1.72266,32000000
2006-01-02T00:53:00+00:00,1.72264,1.72264,1.72258,1.7226,9400000
2006-01-02T00:54:00+00:00,1.72257,1.72273,1.72257,1.72273,34000000
2006-01-02T00:55:00+00:00,1.72266,1.72266,1.72253,1.72261,31600000
2006-01-02T00:56:00+00:00,1.7227,1.7227,1.72248,1.72265,101100000
2006-01-02T00:58:00+00:00,1.72273,1.72273,1.72269,1.72269,40400000
2006-01-02T00:59:00+00:00,1.72267,1.7227,1.72252,1.72252,38500000
2006-01-02T01:00:00+00:00,1.72257,1.72271,1.72257,1.72261,56100000
2006-01-02T01:01:00+00:00,1.72261,1.7227,1.72256,1.72268,77400000
2006-01-02T01:02:00+00:00,1.7226,1.7226,1.72251,1.72251,32900000
2006-01-02T01:03:00+00:00,1.72257,1.72262,1.72253,1.72262,49800000
2006-01-02T01:04:00+00:00,1.72267,1.72267,1.72256,1.72256,33800000
2006-01-02T01:05:00+00:00,1.72249,1.72265,1.72249,1.72265,55800000
2006-01-02T01:06:00+00:00,1.72262,1.72272,1.72257,1.72257,55200000
2006-01-02T01:07:00+00:00,1.72258,1.72271,1.72252,1.72271,73400000
2006-01-02T01:08:00+00:00,1.72273,1.72273,1.72255,1.72268,43900000
2006-01-02T01:09:00+00:00,1.72273,1.72273,1.7226,1.72267,19100000
2006-01-02T01:10:00+00:00,1.72261,1.72261,1.72248,1.7225,25000000
2006-01-02T01:11:00+00:00,1.72263,1.72265,1.7226,1.72265,21000000
2006-01-02T01:12:00+00:00,1.72275,1.72275,1.72258,1.7226,74500000
2006-01-02T01:13:00+00:00,1.72267,1.72267,1.72248,1.72257,44600000
2006-01-02T01:15:00+00:00,1.72264,1.72264,1.72254,1.72256,41800000
2006-01-02T01:16:00+00:00,1.72265,1.72268,1.72254,1.72254,50300000
2006-01-02T01:17:00+00:00,1.72252,1.72259,1.72252,1.72256,57700000
2006-01-02T01:19:00+00:00,1.72246,1.72266,1.72246,1.72266,73800000
2006-01-02T01:20:00+00:00,1.7227,1.7227,1.72254,1.72264,82200000
2006-01-02T01:21:00+00:00,1.72259,1.72269,1.72255,1.72269,46600000
2006-01-02T01:22:00+00:00,1.72267,1.72272,1.72263,1.72263,22600000
2006-01-02T01:23:00+00:00,1.72269,1.72269,1.72252,1.72252,26100000
2006-01-02T01:24:00+00:00,1.72263,1.72266,1.72258,1.72258,22900000
2006-01-02T01:25:00+00:00,1.72259,1.72261,1.72249,1.72252,33200000
2006-01-02T01:26:00+00:00,1.72251,1.72264,1.72251,1.72264,76400000
2006-01-02T01:27:00+00:00,1.72265,1.72265,1.72257,1.7226,36300000
2006-01-02T01:28:00+00:00,1.72261,1.72266,1.72256,1.72259,65700000
2006-01-02T01:29:00+00:00,1.72267,1.72267,1.72249,1.72249,56900000
2006-01-02T01:31:00+00:00,1.72252,1.7226,1.72251,1.72255,43300000
2006-01-02T01:32:00+00:00,1.72257,1.72263,1.72252,1.72263,26800000
2006-01-02T01:33:00+00:00,1.72262,1.72264,1.72262,1.72264,9200000
2006-01-02T01:34:00+00:00,1.72265,1.72266,1.72259,1.72263,65000000
2006-01-02T01:35:00+00:00,1.72267,1.72267,1.72255,1.72265,81300000
2006-01-02T01:36:00+00:00,1.72256,1.7227,1.72256,1.7226,44000000
2006-01-02T01:37:00+00:00,1.72263,1.72263,1.72253,1.72258,66000000
2006-01-02T01:38:00+00:00,1.72252,1.72263,1.72252,1.72253,66800000
2006-01-02T01:39:00+00:00,1.72258,1.7227,1.72257,1.72268,32900000
2006-01-02T01:40:00+00:00,1.72273,1.72273,1.72259,1.72268,92000000
2006-01-02T01:41:00+00:00,1.7227,1.7227,1.72255,1.72258,33200000
2006-01-02T01:42:00+00:00,1.72254,1.72267,1.72252,1.72252,80200000
2006-01-02T01:43:00+00:00,1.72262,1.72262,1.72251,1.72252,59300000
2006-01-02T01:44:00+00:00,1.72257,1.72263,1.72257,1.72263,18400000
2006-01-02T01:45:00+00:00,1.72267,1.72269,1.72254,1.72259,15100000
2006-01-02T01:46:00+00:00,1.72255,1.7227,1.72255,1.72255,37200000
2006-01-02T01:47:00+00:00,1.7226,1.72272,1.72258,1.72272,72500000
2006-01-02T01:48:00+00:00,1.72261,1.72266,1.72252,1.72266,35900000
2006-01-02T01:49:00+00:00,1.72268,1.72268,1.72261,1.72268,49300000
2006-01-02T01:50:00+00:00,1.72258,1.72265,1.72256,1.7226,70600000
2006-01-02T01:52:00+00:00,1.72252,1.72261,1.72252,1.72256,25400000
2006-01-02T01:54:00+00:00,1.72258,1.7226,1.72255,1.72256,66300000
2006-01-02T01:55:00+00:00,1.72253,1.72263,1.72253,1.72263,37300000
2006-01-02T01:56:00+00:00,1.72267,1.72273,1.72258,1.72273,26300000
2006-01-02T01:57:00+00:00,1.72265,1.72269,1.72264,1.72269,65000000
2006-01-02T01:58:00+00:00,1.72268,1.72275,1.72261,1.72275,71300000
2006-01-02T01:59:00+00:00,1.72268,1.72277,1.72262,1.72277,50600000
2006-01-02T02:00:00+00:00,1.72257,1.72265,1.72254,1.72259,35100000
2006-01-02T02:01:00+00:00,1.72255,1.72263,1.72255,1.72258,94500000
2006-01-02T02:03:00+00:00,1.72258,1.72258,1.72249,1.72252,38800000
2006-01-02T02:04:00+00:00,1.72257,1.72262,1.72252,1.72252,28200000
2006-01-02T02:05:00+00:00,1.72252,1.72263,1.72252,1.72263,27300000
2006-01-02T02:06:00+00:00,1.72252,1.72263,1.72247,1.72258,11400000
2006-01-02T02:07:00+00:00,1.72255,1.72271,1.72255,1.72255,66000000
2006-01-02T02:08:00+00:00,1.72262,1.72269,1.72251,1.72266,56400000
2006-01-02T02:09:00+00:00,1.72268,1.7227,1.72265,1.7227,90100000
2006-01-02T02:10:00+00:00,1.72268,1.72268,1.7226,1.72267,60600000
2006-01-02T02:11:00+00:00,1.72273,1.72273,1.7226,1.7226,11300000
2006-01-02T02:12:00+00:00,1.72262,1.7227,1.72262,1.72262,30700000
2006-01-02T02:13:00+00:00,1.72264,1.7227,1.72258,1.72263,79600000
2006-01-02T02:14:00+00:00,1.72265,1.72265,1.72242,1.72242,88600000
2006-01-02T02:15:00+00:00,1.72256,1.72266,1.72256,1.72266,36700000
2006-01-02T02:16:00+00:00,1.72263,1.72275,1.72263,1.72263,69800000
2006-01-02T02:17:00+00:00,1.72262,1.72266,1.72262,1.72266,7200000
2006-01-02T02:18:00+00:00,1.7227,1.7227,1.72252,1.7227,32400000
2006-01-02T02:19:00+00:00,1.72274,1.72274,1.72266,1.72266,22300000
2006-01-02T02:20:00+00:00,1.72256,1.72269,1.72253,1.72253,29400000
2006-01-02T02:21:00+00:00,1.72257,1.72262,1.72256,1.72256,23500000
2006-01-02T02:22:00+00:00,1.72251,1.72269,1.72251,1.72267,77700000
2006-01-02T02:23:00+00:00,1.72262,1.72262,1.72253,1.72253,15900000
2006-01-02T02:24:00+00:00,1.72253,1.72262,1.72253,1.72258,68000000
2006-01-02T02:25:00+00:00,1.72263,1.72267,1.72263,1.72267,6600000
2006-01-02T02:27:00+00:00,1.72264,1.72264,1.72256,1.72257,78200000
2006-01-02T02:28:00+00:00,1.7225,1.72271,1.72248,1.72271,86900000
2006-01-02T02:29:00+00:00,1.72272,1.72272,1.72253,1.72257,123400000
2006-01-02T02:30:00+00:00,1.72259,1.72265,1.72259,1.72265,23200000
2006-01-02T02:31:00+00:00,1.72271,1.72271,1.72264,1.72264,37400000
2006-01-02T02:32:00+00:00,1.72261,1.72261,1.72249,1.72249,14200000
2006-01-02T02:33:00+00:00,1.72254,1.72272,1.7225,1.7225,49600000
2006-01-02T02:34:00+00:00,1.72267,1.72267,1.72254,1.72254,52900000
2006-01-02T02:35:00+00:00,1.72246,1.72259,1.72246,1.72257,19400000
2006-01-02T02:36:00+00:00,1.7225,1.72263,1.7225,1.72263,54300000
2006-01-02T02:37:00+00:00,1.72267,1.72271,1.72256,1.72256,67300000
2006-01-02T02:38:00+00:00,1.72252,1.72271,1.72252,1.72271,52200000
2006-01-02T02:39:00+00:00,1.72262,1.72267,1.72255,1.72263,23800000
2006-01-02T02:40:00+00:00,1.72276,1.72276,1.72262,1.72262,7500000
2006-01-02T02:41:00+00:00,1.72258,1.72269,1.72251,1.72251,75800000
2006-01-02T02:42:00+00:00,1.72252,1.72262,1.72252,1.72256,105300000
2006-01-02T02:43:00+00:00,1.72257,1.7227,1.72253,1.7227,51500000
2006-01-02T02:44:00+00:00,1.72269,1.72271,1.72261,1.72262,16100000
2006-01-02T02:45:00+00:00,1.72263,1.72264,1.72253,1.7226,145300000
2006-01-02T02:46:00+00:00,1.72263,1.72265,1.72256,1.72265,48800000
2006-01-02T02:47:00+00:00,1.72266,1.72275,1.72266,1.72275,32000000
2006-01-02T02:48:00+00:00,1.72272,1.72272,1.72267,1.72267,10400000
2006-01-02T02:49:00+00:00,1.7226,1.72272,1.7226,1.72272,24200000
2006-01-02T02:50:00+00:00,1.7227,1.7227,1.7225,1.7225,12400000
2006-01-02T02:51:00+00:00,1.72259,1.72271,1.72257,1.72257,49700000
2006-01-02T02:52:00+00:00,1.72259,1.72271,1.72259,1.72266,28800000
2006-01-02T02:53:00+00:00,1.7226,1.7226,1.72251,1.72258,44900000
2006-01-02T02:54:00+00:00,1.72262,1.72263,1.72247,1.72258,25900000
2006-01-02T02:55:00+00:00,1.72263,1.72272,1.72253,1.72272,48400000
2006-01-02T02:56:00+00:00,1.72267,1.72269,1.72264,1.72268,60300000
2006-01-02T02:57:00+00:00,1.72264,1.72273,1.72261,1.72273,67400000
2006-01-02T02:59:00+00:00,1.72266,1.72271,1.72258,1.72271,135200000
2006-01-02T03:00:00+00:00,1.7227,1.7227,1.72252,1.72252,119600000
2006-01-02T03:01:00+00:00,1.72256,1.72267,1.72256,1.72267,147600000
2006-01-02T03:03:00+00:00,1.7226,1.72274,1.7226,1.7227,9600000
2006-01-02T03:04:00+00:00,1.72266,1.72266,1.72256,1.72256,62700000
2006-01-02T03:05:00+00:00,1.72268,1.7227,1.72245,1.72258,41800000
2006-01-02T03:06:00+00:00,1.72252,1.72268,1.72252,1.72268,74800000
2006-01-02T03:07:00+00:00,1.72267,1.72267,1.72254,1.72266,45300000
2006-01-02T03:08:00+00:00,1.72268,1.7227,1.72266,1.72268,18200000
2006-01-02T03:09:00+00:00,1.72271,1.72271,1.72249,1.72249,81500000
2006-01-02T03:10:00+00:00,1.7226,1.72273,1.7226,1.72273,34400000
2006-01-02T03:12:00+00:00,1.72271,1.72271,1.72269,1.72269,13100000
2006-01-02T03:13:00+00:00,1.72258,1.72266,1.72254,1.72266,49500000
2006-01-02T03:14:00+00:00,1.72267,1.72272,1.72257,1.7226,81100000
2006-01-02T03:15:00+00:00,1.72265,1.72265,1.72253,1.72258,82100000
2006-01-02T03:16:00+00:00,1.72262,1.72262,1.72254,1.72259,75600000
2006-01-02T03:17:00+00:00,1.72269,1.7227,1.72259,1.72259,48700000
2006-01-02T03:18:00+00:00,1.7226,1.72275,1.72259,1.7226,48400000
2006-01-02T03:19:00+00:00,1.7225,1.7226,1.7225,1.72259,41000000
2006-01-02T03:20:00+00:00,1.72259,1.72271,1.72254,1.72254,55500000
2006-01-02T03:21:00+00:00,1.72252,1.72274,1.72252,1.72268,57800000
2006-01-02T03:22:00+00:00,1.72272,1.72272,1.72259,1.72259,49800000
2006-01-02T03:23:00+00:00,1.72261,1.72265,1.72252,1.72252,66200000
2006-01-02T03:24:00+00:00,1.72249,1.72267,1.72249,1.72265,84200000
2006-01-02T03:25:00+00:00,1.72265,1.72265,1.72252,1.72263,49000000
2006-01-02T03:26:00+00:00,1.72257,1.7226,1.72252,1.7226,35900000
2006-01-02T03:27:00+00:00,1.72268,1.72268,1.72264,1.72264,17100000
2006-01-02T03:28:00+00:00,1.72271,1.72271,1.72257,1.72257,56800000
2006-01-02T03:30:00+00:00,1.7226,1.72271,1.7226,1.72271,58500000
2006-01-02T03:31:00+00:00,1.72266,1.72266,1.7225,1.72253,16700000
2006-01-02T03:32:00+00:00,1.72262,1.72268,1.72261,1.72268,21500000
2006-01-02T03:33:00+00:00,1.72271,1.72271,1.7226,1.72262,35400000
2006-01-02T03:34:00+00:00,1.72265,1.72269,1.72238,1.72259,56600000
2006-01-02T03:35:00+00:00,1.72259,1.72272,1.72255,1.72255,46600000
2006-01-02T03:36:00+00:00,1.72261,1.72272,1.72261,1.72272,37200000
2006-01-02T03:37:00+00:00,1.72265,1.72265,1.72249,1.72249,77800000
2006-01-02T03:38:00+00:00,1.72261,1.72267,1.72252,1.72252,57600000
2006-01-02T03:39:00+00:00,1.72254,1.72262,1.72254,1.72262,34800000
2006-01-02T03:40:00+00:00,1.72273,1.72273,1.72247,1.7226,107800000
2006-01-02T03:41:00+00:00,1.72257,1.72259,1.72246,1.72246,60600000
2006-01-02T03:42:00+00:00,1.72257,1.72264,1.72251,1.72252,34600000
2006-01-02T03:43:00+00:00,1.72257,1.72267,1.72256,1.72256,40400000
2006-01-02T03:44:00+00:00,1.7226,1.7227,1.7226,1.7226,50000000
2006-01-02T03:45:00+00:00,1.72262,1.72267,1.72252,1.7226,15000000
2006-01-02T03:46:00+00:00,1.72246,1.72263,1.72246,1.72261,36800000
2006-01-02T03:47:00+00:00,1.72251,1.72271,1.72251,1.72271,35000000
2006-01-02T03:48:00+00:00,1.72274,1.72274,1.72262,1.72267,55500000
2006-01-02T03:49:00+00:00,1.72262,1.72266,1.72257,1.72259,56800000
2006-01-02T03:50:00+00:00,1.72254,1.72267,1.72254,1.72263,25800000
2006-01-02T03:51:00+00:00,1.72258,1.72271,1.72258,1.72261,115100000
2006-01-02T03:52:00+00:00,1.72266,1.72271,1.72259,1.72259,34000000
2006-01-02T03:53:00+00:00,1.72252,1.72261,1.72247,1.72255,31000000
2006-01-02T03:54:00+00:00,1.72259,1.72273,1.72252,1.72259,60100000
2006-01-02T03:55:00+00:00,1.72255,1.72269,1.72255,1.72262,58800000
2006-01-02T03:56:00+00:00,1.72247,1.72268,1.72247,1.72266,41900000
2006-01-02T03:57:00+00:00,1.72271,1.72271,1.72247,1.72262,47000000
2006-01-02T03:58:00+00:00,1.72267,1.72272,1.72258,1.72262,53000000
2006-01-02T03:59:00+00:00,1.72257,1.72265,1.72252,1.7226,74800000
2006-01-02T04:00:00+00:00,1.72262,1.72262,1.72246,1.72254,58100000
2006-01-02T04:01:00+00:00,1.72268,1.72268,1.72261,1.72261,47300000
2006-01-02T04:02:00+00:00,1.7227,1.7227,1.7226,1.72263,48100000
2006-01-02T04:03:00+00:00,1.7227,1.72271,1.72251,1.72259,27600000
2006-01-02T04:04:00+00:00,1.72252,1.72259,1.72252,1.72256,51500000
2006-01-02T04:05:00+00:00,1.72255,1.72268,1.72255,1.72261,55300000
2006-01-02T04:06:00+00:00,1.72256,1.72272,1.72256,1.7226,63600000
2006-01-02T04:07:00+00:00,1.72264,1.72273,1.72262,1.72263,39500000
2006-01-02T04:08:00+00:00,1.72258,1.72263,1.72254,1.72263,48500000
2006-01-02T04:09:00+00:00,1.72262,1.7227,1.72262,1.72264,53700000
2006-01-02T04:10:00+00:00,1.72261,1.72268,1.7226,1.72261,44700000
2006-01-02T04:11:00+00:00,1.72258,1.72264,1.72256,1.7226,46800000
2006-01-02T04:12:00+00:00,1.72267,1.72267,1.7226,1.72265,105900000
2006-01-02T04:13:00+00:00,1.72255,1.72271,1.72255,1.72255,68300000
2006-01-02T04:14:00+00:00,1.72252,1.72256,1.72252,1.72256,17500000
2006-01-02T04:15:00+00:00,1.72262,1.72269,1.7225,1.72265,99500000
2006-01-02T04:16:00+00:00,1.72263,1.72273,1.72263,1.72265,58500000
2006-01-02T04:17:00+00:00,1.72268,1.72271,1.7226,1.72268,82900000
2006-01-02T04:18:00+00:00,1.72265,1.72265,1.72256,1.72264,11300000
2006-01-02T04:19:00+00:00,1.7226,1.72263,1.72252,1.72258,29100000
2006-01-02T04:20:00+00:00,1.72255,1.72256,1.72255,1.72256,19900000
2006-01-02T04:21:00+00:00,1.7225,1.7226,1.7225,1.72252,61900000
2006-01-02T04:22:00+00:00,1.72251,1.72265,1.72251,1.72264,138000000
2006-01-02T04:23:00+00:00,1.72266,1.72266,1.72253,1.7226,95800000
2006-01-02T04:24:00+00:00,1.72262,1.72272,1.72255,1.72255,114700000
2006-01-02T04:25:00+00:00,1.72262,1.72262,1.72252,1.72256,6300000
2006-01-02T04:26:00+00:00,1.72263,1.72271,1.72259,1.72263,67100000
2006-01-02T04:27:00+00:00,1.72256,1.72266,1.72253,1.72266,26100000
2006-01-02T04:28:00+00:00,1.72258,1.72269,1.72253,1.72253,79500000
2006-01-02T04:29:00+00:00,1.72264,1.72264,1.72263,1.72263,8000000
2006-01-02T04:30:00+00:00,1.7227,1.7227,1.7226,1.72268,50900000
2006-01-02T04:31:00+00:00,1.7226,1.7227,1.7226,1.72261,25500000
2006-01-02T04:32:00+00:00,1.72259,1.72259,1.72254,1.72259,67200000
2006-01-02T04:33:00+00:00,1.72265,1.72275,1.72265,1.72268,32600000
2006-01-02T04:34:00+00:00,1.72257,1.7227,1.72257,1.7227,97100000
2006-01-02T04:35:00+00:00,1.72266,1.72266,1.72259,1.72259,11400000
2006-01-02T04:36:00+00:00,1.72266,1.72266,1.72256,1.72258,66000000
2006-01-02T04:37:00+00:00,1.72263,1.72267,1.72263,1.72267,5100000
2006-01-02T04:38:00+00:00,1.72267,1.72267,1.72263,1.72263,8000000
2006-01-02T04:39:00+00:00,1.72257,1.72268,1.72257,1.72268,11500000
2006-01-02T04:40:00+00:00,1.72268,1.72268,1.72259,1.72259,10100000
2006-01-02T04:41:00+00:00,1.72257,1.72263,1.72252,1.72257,93500000
2006-01-02T04:42:00+00:00,1.7226,1.72268,1.72259,1.72259,54500000
2006-01-02T04:43:00+00:00,1.72262,1.72262,1.72252,1.72252,22800000
2006-01-02T04:44:00+00:00,1.72252,1.72266,1.72252,1.72266,43900000
2006-01-02T04:45:00+00:00,1.72268,1.7227,1.72256,1.72261,25800000
2006-01-02T04:46:00+00:00,1.7227,1.7227,1.72254,1.7226,65100000
2006-01-02T04:47:00+00:00,1.7226,1.72274,1.7226,1.72267,62600000
2006-01-02T04:48:00+00:00,1.72268,1.72268,1.72253,1.72264,55800000
2006-01-02T04:49:00+00:00,1.72262,1.72269,1.72258,1.72262,71200000
2006-01-02T04:50:00+00:00,1.72262,1.72271,1.72262,1.72268,10000000
2006-01-02T04:51:00+00:00,1.72265,1.72266,1.72254,1.72266,104100000
2006-01-02T04:52:00+00:00,1.72265,1.72271,1.72238,1.72271,44400000
2006-01-02T04:53:00+00:00,1.72263,1.72267,1.7226,1.72263,23600000
2006-01-02T04:54:00+00:00,1.72273,1.72273,1.72262,1.72267,30300000
2006-01-02T04:55:00+00:00,1.7227,1.7227,1.72256,1.72265,64500000
2006-01-02T04:56:00+00:00,1.72258,1.72268,1.72253,1.72253,76600000
2006-01-02T04:57:00+00:00,1.72253,1.72257,1.72253,1.72257,48000000
2006-01-02T04:58:00+00:00,1.72262,1.72262,1.72248,1.72258,62700000
2006-01-02T04:59:00+00:00,1.72257,1.72257,1.72248,1.72248,28400000
2006-01-02T05:00:00+00:00,1.72263,1.7227,1.72256,1.72259,89900000
2006-01-02T05:01:00+00:00,1.72258,1.72266,1.72247,1.72253,54700000
2006-01-02T05:02:00+00:00,1.72262,1.72268,1.7226,1.7226,68100000
2006-01-02T05:03:00+00:00,1.72251,1.72261,1.72251,1.72258,125500000
2006-01-02T05:04:00+00:00,1.72269,1.72269,1.72266,1.72266,7900000
2006-01-02T05:05:00+00:00,1.72261,1.72265,1.72257,1.72265,64500000
2006-01-02T05:06:00+00:00,1.72266,1.72266,1.72264,1.72264,45200000
2006-01-02T05:07:00+00:00,1.72271,1.72271,1.72258,1.72258,54400000
2006-01-02T05:08:00+00:00,1.72263,1.72267,1.7226,1.72265,50400000
2006-01-02T05:09:00+00:00,1.7226,1.72268,1.72254,1.72267,54100000
2006-01-02T05:10:00+00:00,1.72256,1.72259,1.72256,1.72259,5600000
2006-01-02T05:11:00+00:00,1.72257,1.72261,1.7225,1.7225,60200000
2006-01-02T05:12:00+00:00,1.7226,1.72263,1.7226,1.72263,29600000
2006-01-02T05:13:00+00:00,1.72272,1.72272,1.72257,1.72264,61200000
2006-01-02T05:14:00+00:00,1.72263,1.72272,1.72257,1.72268,84400000
2006-01-02T05:15:00+00:00,1.72273,1.72273,1.72255,1.72273,94600000
2006-01-02T05:16:00+00:00,1.72269,1.72269,1.72257,1.72257,23600000
2006-01-02T05:17:00+00:00,1.7226,1.72272,1.72256,1.7226,65700000
2006-01-02T05:18:00+00:00,1.72254,1.72264,1.72254,1.72254,20300000
2006-01-02T05:19:00+00:00,1.72252,1.72261,1.72252,1.72254,73000000
2006-01-02T05:20:00+00:00,1.72258,1.72271,1.72254,1.72271,40400000
2006-01-02T05:21:00+00:00,1.72268,1.72273,1.72263,1.72273,84400000
2006-01-02T05:22:00+00:00,1.72267,1.72271,1.72267,1.72269,34200000
2006-01-02T05:23:00+00:00,1.72263,1.72267,1.72249,1.7225,65500000
2006-01-02T05:24:00+00:00,1.7225,1.72267,1.7225,1.72267,87600000
2006-01-02T05:25:00+00:00,1.72267,1.72269,1.72252,1.7226,71500000
2006-01-02T05:26:00+00:00,1.72262,1.7227,1.72255,1.72264,119500000
2006-01-02T05:27:00+00:00,1.72255,1.72269,1.7225,1.7225,87300000
2006-01-02T05:28:00+00:00,1.72256,1.72262,1.72256,1.72262,39500000
2006-01-02T05:29:00+00:00,1.72265,1.7227,1.72258,1.72258,64200000
2006-01-02T05:30:00+00:00,1.72268,1.72268,1.72257,1.72257,16100000
2006-01-02T05:31:00+00:00,1.72252,1.72264,1.72252,1.7226,67800000
2006-01-02T05:32:00+00:00,1.72261,1.72272,1.72261,1.72269,108900000
2006-01-02T05:33:00+00:00,1.7227,1.72271,1.72254,1.72271,104000000
2006-01-02T05:34:00+00:00,1.7226,1.7227,1.7226,1.72261,95900000
2006-01-02T05:35:00+00:00,1.72262,1.72262,1.72248,1.72251,79000000
2006-01-02T05:36:00+00:00,1.72257,1.72259,1.72255,1.72259,45800000
2006-01-02T05:37:00+00:00,1.72257,1.72266,1.72257,1.72262,70500000
2006-01-02T05:38:00+00:00,1.72262,1.72274,1.72262,1.72274,2700000
2006-01-02T05:39:00+00:00,1.72267,1.72268,1.72263,1.72267,39900000
2006-01-02T05:40:00+00:00,1.72268,1.72271,1.72262,1.72262,32200000
2006-01-02T05:41:00+00:00,1.72268,1.72268,1.72257,1.72257,1300000
2006-01-02T05:42:00+00:00,1.72252,1.72263,1.72252,1.72255,61200000
2006-01-02T05:43:00+00:00,1.72268,1.72268,1.72258,1.72267,57400000
2006-01-02T05:44:00+00:00,1.7227,1.72274,1.72263,1.7227,61300000
2006-01-02T05:45:00+00:00,1.72267,1.72272,1.72254,1.72254,57300000
2006-01-02T05:46:00+00:00,1.72256,1.72259,1.72255,1.72259,28600000
2006-01-02T05:47:00+00:00,1.72259,1.72266,1.72259,1.72266,4300000
2006-01-02T05:48:00+00:00,1.72274,1.72274,1.72264,1.72264,41000000
2006-01-02T05:49:00+00:00,1.72262,1.7227,1.72254,1.72257,59000000
2006-01-02T05:50:00+00:00,1.72257,1.7226,1.72257,1.7226,18800000
2006-01-02T05:51:00+00:00,1.72266,1.72269,1.72258,1.72267,51200000
2006-01-02T05:52:00+00:00,1.72259,1.72272,1.72259,1.72272,21200000
2006-01-02T05:53:00+00:00,1.72268,1.7227,1.72262,1.72262,40800000
2006-01-02T05:54:00+00:00,1.72265,1.72265,1.72251,1.72265,46800000
2006-01-02T05:55:00+00:00,1.72268,1.7227,1.72262,1.72262,20300000
2006-01-02T05:56:00+00:00,1.72261,1.72272,1.72261,1.72264,86700000
2006-01-02T05:57:00+00:00,1.72256,1.72256,1.72254,1.72254,9200000
2006-01-02T05:58:00+00:00,1.7226,1.72269,1.72255,1.72258,58000000
2006-01-02T05:59:00+00:00,1.7225,1.72262,1.72248,1.72262,49000000
2006-01-02T06:00:00+00:00,1.72262,1.72269,1.72253,1.72253,52300000
2006-01-02T06:01:00+00:00,1.72259,1.72265,1.72254,1.72255,74600000
2006-01-02T06:02:00+00:00,1.72257,1.72259,1.72254,1.72258,56700000
2006-01-02T06:03:00+00:00,1.72258,1.7227,1.72256,1.72258,98100000
2006-01-02T06:04:00+00:00,1.72257,1.72268,1.72251,1.72267,85700000
2006-01-02T06:05:00+00:00,1.72263,1.72269,1.72245,1.72266,55100000
2006-01-02T06:06:00+00:00,1.72258,1.72264,1.72249,1.72264,104500000
2006-01-02T06:07:00+00:00,1.7226,1.7227,1.72259,1.72267,92700000
2006-01-02T06:08:00+00:00,1.72269,1.72269,1.72256,1.72258,74700000
2006-01-02T06:09:00+00:00,1.72248,1.72262,1.72247,1.72262,42700000
2006-01-02T06:10:00+00:00,1.7226,1.72264,1.72253,1.72256,87500000
2006-01-02T06:11:00+00:00,1.72259,1.72267,1.72257,1.72267,17900000
2006-01-02T06:12:00+00:00,1.72268,1.72268,1.72253,1.72253,153100000
2006-01-02T06:13:00+00:00,1.72252,1.72269,1.72252,1.72265,22700000
2006-01-02T06:14:00+00:00,1.72268,1.72268,1.72261,1.72262,65100000
2006-01-02T06:15:00+00:00,1.72265,1.72268,1.72253,1.72268,147800000
2006-01-02T06:16:00+00:00,1.72253,1.72257,1.72253,1.72257,42100000
2006-01-02T06:17:00+00:00,1.72252,1.72261,1.72252,1.7226,35200000
2006-01-02T06:18:00+00:00,1.72258,1.72266,1.72251,1.72265,69800000
2006-01-02T06:19:00+00:00,1.72258,1.72271,1.72255,1.72271,78300000
2006-01-02T06:20:00+00:00,1.7227,1.7227,1.72244,1.72263,50900000
2006-01-02T06:21:00+00:00,1.72262,1.72268,1.72257,1.72259,53500000
2006-01-02T06:22:00+00:00,1.72258,1.7227,1.72257,1.72257,54700000
2006-01-02T06:24:00+00:00,1.72257,1.72263,1.72241,1.72263,71600000
2006-01-02T06:25:00+00:00,1.72258,1.72264,1.72254,1.72257,62300000
2006-01-02T06:26:00+00:00,1.72254,1.72261,1.72252,1.72258,84200000
2006-01-02T06:27:00+00:00,1.72258,1.7227,1.72258,1.7226,63700000
2006-01-02T06:28:00+00:00,1.72253,1.72271,1.72253,1.72267,71700000
2006-01-02T06:29:00+00:00,1.72264,1.72266,1.72249,1.72249,57000000
2006-01-02T06:30:00+00:00,1.72254,1.72269,1.72254,1.72262,57700000
2006-01-02T06:31:00+00:00,1.7226,1.72275,1.7226,1.72267,37500000
2006-01-02T06:32:00+00:00,1.72264,1.72265,1.72257,1.72265,20400000
2006-01-02T06:33:00+00:00,1.72268,1.72271,1.72262,1.72267,33700000
2006-01-02T06:34:00+00:00,1.7226,1.72272,1.72258,1.72269,22300000
2006-01-02T06:35:00+00:00,1.72273,1.72273,1.72259,1.72261,42600000
2006-01-02T06:36:00+00:00,1.72267,1.72272,1.72257,1.72259,22200000
2006-01-02T06:37:00+00:00,1.72254,1.72258,1.72254,1.72258,44700000
2006-01-02T06:38:00+00:00,1.72263,1.72268,1.72246,1.72254,54300000
2006-01-02T06:39:00+00:00,1.72263,1.72263,1.72252,1.72252,35500000
2006-01-02T06:40:00+00:00,1.7225,1.7226,1.7225,1.72257,103700000
2006-01-02T06:41:00+00:00,1.72262,1.72262,1.72248,1.7225,92300000
2006-01-02T06:42:00+00:00,1.72259,1.72271,1.72258,1.72266,63600000
2006-01-02T06:43:00+00:00,1.72263,1.72263,1.72248,1.72256,61200000
2006-01-02T06:44:00+00:00,1.7226,1.7227,1.72259,1.72262,55400000
2006-01-02T06:45:00+00:00,1.72266,1.72266,1.72254,1.72265,19600000
2006-01-02T06:46:00+00:00,1.7227,1.72273,1.72267,1.72268,58900000
2006-01-02T06:47:00+00:00,1.72267,1.7227,1.72257,1.72258,32400000
2006-01-02T06:48:00+00:00,1.72261,1.72261,1.72245,1.72245,73800000
2006-01-02T06:49:00+00:00,1.72259,1.72272,1.72259,1.72271,59000000
2006-01-02T06:50:00+00:00,1.72266,1.72272,1.72264,1.72272,52000000
2006-01-02T06:51:00+00:00,1.7227,1.72274,1.72269,1.72269,25000000
2006-01-02T06:52:00+00:00,1.72262,1.72272,1.72261,1.72261,44100000
2006-01-02T06:53:00+00:00,1.72264,1.72272,1.72255,1.72255,71300000
2006-01-02T06:54:00+00:00,1.72252,1.72258,1.72252,1.72258,56500000
2006-01-02T06:55:00+00:00,1.72265,1.72274,1.72265,1.72267,64800000
2006-01-02T06:56:00+00:00,1.72267,1.72271,1.72254,1.72267,137300000
2006-01-02T06:57:00+00:00,1.72261,1.72261,1.72245,1.72258,37400000
2006-01-02T06:58:00+00:00,1.72254,1.72271,1.72254,1.72263,17000000
2006-01-02T06:59:00+00:00,1.72263,1.72263,1.72256,1.72258,19800000
2006-01-02T07:00:00+00:00,1.72258,1.72258,1.72253,1.72254,75300000
2006-01-02T07:01:00+00:00,1.72262,1.72263,1.72253,1.72253,27800000
2006-01-02T07:02:00+00:00,1.72252,1.72262,1.72249,1.72249,47600000
2006-01-02T07:03:00+00:00,1.72252,1.72264,1.7225,1.72257,146700000
2006-01-02T07:04:00+00:00,1.72253,1.72271,1.72253,1.72256,118400000
2006-01-02T07:05:00+00:00,1.72256,1.72256,1.72254,1.72254,19400000
2006-01-02T07:06:00+00:00,1.72258,1.72267,1.72258,1.72263,63500000
2006-01-02T07:07:00+00:00,1.72261,1.72271,1.72256,1.72256,83000000
2006-01-02T07:08:00+00:00,1.72255,1.72266,1.72244,1.72253,35900000
2006-01-02T07:09:00+00:00,1.72259,1.72263,1.72245,1.72254,63600000
2006-01-02T07:10:00+00:00,1.72262,1.72271,1.72262,1.72267,40700000
2006-01-02T07:11:00+00:00,1.72263,1.72271,1.72256,1.72263,99100000
2006-01-02T07:12:00+00:00,1.72257,1.72263,1.72249,1.72263,64600000
2006-01-02T07:13:00+00:00,1.72259,1.72265,1.72251,1.72265,66300000
2006-01-02T07:14:00+00:00,1.7226,1.72264,1.72232,1.72264,35700000
2006-01-02T07:15:00+00:00,1.72262,1.72266,1.72259,1.72265,68800000
2006-01-02T07:16:00+00:00,1.72258,1.72274,1.72254,1.72257,67600000
2006-01-02T07:17:00+00:00,1.72255,1.72272,1.72255,1.72261,68300000
2006-01-02T07:18:00+00:00,1.72258,1.7226,1.72257,1.72257,36700000
2006-01-02T07:19:00+00:00,1.72257,1.72262,1.72257,1.72259,36200000
2006-01-02T07:20:00+00:00,1.72257,1.72268,1.72255,1.72257,70500000
2006-01-02T07:21:00+00:00,1.72257,1.72257,1.72252,1.72252,69600000
2006-01-02T07:22:00+00:00,1.72252,1.72255,1.72252,1.72253,69600000
2006-01-02T07:23:00+00:00,1.7226,1.72268,1.72256,1.72266,55100000
2006-01-02T07:24:00+00:00,1.72262,1.72262,1.72253,1.72257,22700000
2006-01-02T07:25:00+00:00,1.72251,1.72269,1.72251,1.72265,55700000
2006-01-02T07:26:00+00:00,1.72273,1.72273,1.72262,1.72262,47100000
2006-01-02T07:27:00+00:00,1.72267,1.72272,1.72267,1.72271,22500000
2006-01-02T07:28:00+00:00,1.7227,1.7227,1.72246,1.72246,41500000
2006-01-02T07:29:00+00:00,1.72263,1.72273,1.72261,1.72273,23200000
2006-01-02T07:31:00+00:00,1.72269,1.72269,1.72253,1.72258,157800000
2006-01-02T07:32:00+00:00,1.72258,1.72269,1.72258,1.72262,56500000
2006-01-02T07:34:00+00:00,1.72263,1.72272,1.72263,1.72272,35800000
2006-01-02T07:35:00+00:00,1.72266,1.72268,1.72251,1.72258,30700000
2006-01-02T07:36:00+00:00,1.72247,1.72271,1.72247,1.72271,86800000
2006-01-02T07:37:00+00:00,1.72265,1.72269,1.72256,1.72261,43600000
2006-01-02T07:38:00+00:00,1.72266,1.72267,1.72253,1.72265,56300000
2006-01-02T07:39:00+00:00,1.72253,1.72268,1.72253,1.72266,44000000
2006-01-02T07:40:00+00:00,1.72264,1.72267,1.72262,1.72262,38800000
2006-01-02T07:41:00+00:00,1.7224,1.72268,1.7224,1.72256,81600000
2006-01-02T07:42:00+00:00,1.72267,1.7227,1.72255,1.72255,37400000
2006-01-02T07:43:00+00:00,1.72256,1.72262,1.72256,1.72258,34700000
2006-01-02T07:44:00+00:00,1.72269,1.72273,1.7226,1.72263,105100000
2006-01-02T07:45:00+00:00,1.72263,1.72263,1.72256,1.72263,28200000
2006-01-02T07:46:00+00:00,1.72269,1.72269,1.7225,1.72263,115450000
2006-01-02T07:47:00+00:00,1.7226,1.72263,1.72255,1.72259,83200000
2006-01-02T07:48:00+00:00,1.72268,1.72272,1.72262,1.72262,84900000
2006-01-02T07:49:00+00:00,1.72262,1.72262,1.7225,1.72255,137000000
2006-01-02T07:50:00+00:00,1.72263,1.72264,1.72254,1.72261,102300000
2006-01-02T07:51:00+00:00,1.72262,1.72262,1.7225,1.72251,75400000
2006-01-02T07:52:00+00:00,1.72244,1.72261,1.72244,1.72261,91700000
2006-01-02T07:53:00+00:00,1.72256,1.72257,1.72256,1.72257,10200000
2006-01-02T07:54:00+00:00,1.72249,1.7227,1.72249,1.7227,55800000
2006-01-02T07:55:00+00:00,1.72272,1.72272,1.72247,1.72257,80700000
2006-01-02T07:56:00+00:00,1.72258,1.72258,1.72252,1.72258,26800000
2006-01-02T07:57:00+00:00,1.72258,1.72267,1.72255,1.72267,61500000
2006-01-02T07:58:00+00:00,1.7227,1.7227,1.72254,1.72263,48600000
2006-01-02T07:59:00+00:00,1.72253,1.72263,1.72253,1.72263,33600000
2006-01-02T08:00:00+00:00,1.72266,1.72266,1.72245,1.72245,70300000
2006-01-02T08:01:00+00:00,1.72261,1.7227,1.72258,1.72266,62800000
2006-01-02T08:02:00+00:00,1.72259,1.72259,1.7225,1.7225,46100000
2006-01-02T08:03:00+00:00,1.72258,1.72261,1.72251,1.72251,72400000
2006-01-02T08:04:00+00:00,1.72255,1.72269,1.72255,1.7226,78700000
2006-01-02T08:05:00+00:00,1.72262,1.72266,1.72259,1.72259,57000000
2006-01-02T08:06:00+00:00,1.7226,1.72274,1.72252,1.72252,49400000
2006-01-02T08:07:00+00:00,1.72258,1.7226,1.72258,1.72258,28000000
2006-01-02T08:08:00+00:00,1.72255,1.72265,1.72255,1.72262,80500000
2006-01-02T08:09:00+00:00,1.72271,1.72271,1.72252,1.72252,91900000
2006-01-02T08:10:00+00:00,1.72252,1.72262,1.72251,1.72259,90900000
2006-01-02T08:11:00+00:00,1.72251,1.72268,1.72251,1.72257,64400000
2006-01-02T08:12:00+00:00,1.72258,1.72263,1.72254,1.72263,56100000
2006-01-02T08:13:00+00:00,1.72262,1.72267,1.7225,1.7225,37800000
2006-01-02T08:14:00+00:00,1.72249,1.7226,1.72249,1.72255,26400000
2006-01-02T08:15:00+00:00,1.72265,1.72274,1.72254,1.72274,72200000
2006-01-02T08:17:00+00:00,1.72266,1.72266,1.72254,1.72254,68300000
2006-01-02T08:18:00+00:00,1.72257,1.72265,1.72257,1.72265,71500000
2006-01-02T08:19:00+00:00,1.7226,1.72268,1.7226,1.72266,50500000
2006-01-02T08:20:00+00:00,1.72259,1.72264,1.72258,1.72259,18000000
2006-01-02T08:21:00+00:00,1.72259,1.72266,1.72256,1.72265,86200000
2006-01-02T08:22:00+00:00,1.72263,1.72268,1.72258,1.72258,106800000
2006-01-02T08:23:00+00:00,1.7226,1.72272,1.72251,1.72252,71900000
2006-01-02T08:24:00+00:00,1.72252,1.72257,1.72252,1.72257,45300000
2006-01-02T08:25:00+00:00,1.72258,1.72264,1.72251,1.72258,87800000
2006-01-02T08:26:00+00:00,1.72256,1.72263,1.72254,1.72263,92600000
2006-01-02T08:27:00+00:00,1.72263,1.72267,1.72258,1.72267,47800000
2006-01-02T08:28:00+00:00,1.7227,1.7227,1.7226,1.72267,41700000
2006-01-02T08:29:00+00:00,1.72258,1.7226,1.72247,1.72247,44300000
2006-01-02T08:30:00+00:00,1.72253,1.72267,1.72253,1.72256,35700000
2006-01-02T08:31:00+00:00,1.72253,1.72261,1.72253,1.72257,66100000
2006-01-02T08:32:00+00:00,1.72252,1.72261,1.7225,1.72257,34700000
2006-01-02T08:33:00+00:00,1.72255,1.7227,1.72255,1.7227,30500000
2006-01-02T08:34:00+00:00,1.72271,1.72273,1.72264,1.72273,27800000
2006-01-02T08:36:00+00:00,1.72263,1.72263,1.72257,1.72257,4700000
2006-01-02T08:37:00+00:00,1.72252,1.72272,1.72251,1.72272,90800000
2006-01-02T08:38:00+00:00,1.72266,1.72271,1.72258,1.72259,114300000
2006-01-02T08:39:00+00:00,1.72258,1.72271,1.72258,1.72263,46700000
2006-01-02T08:40:00+00:00,1.7227,1.72275,1.72263,1.72268,63100000
2006-01-02T08:41:00+00:00,1.7225,1.72262,1.7225,1.72253,36200000
2006-01-02T08:42:00+00:00,1.72262,1.72262,1.72249,1.72257,49100000
2006-01-02T08:43:00+00:00,1.72266,1.72274,1.72264,1.72268,58700000
2006-01-02T08:44:00+00:00,1.72267,1.72271,1.72251,1.72253,92000000
2006-01-02T08:45:00+00:00,1.72252,1.72263,1.72252,1.72263,42500000
2006-01-02T08:47:00+00:00,1.72257,1.7227,1.72254,1.7227,18800000
2006-01-02T08:48:00+00:00,1.72269,1.72269,1.72248,1.72258,47200000
2006-01-02T08:49:00+00:00,1.72262,1.72266,1.7226,1.72262,59500000
2006-01-02T08:50:00+00:00,1.72262,1.72269,1.72262,1.72267,23900000
2006-01-02T08:51:00+00:00,1.72275,1.72275,1.72262,1.72262,39000000
2006-01-02T08:52:00+00:00,1.72274,1.72274,1.7226,1.72268,65100000
2006-01-02T08:53:00+00:00,1.72258,1.72272,1.72258,1.72269,59100000
2006-01-02T08:54:00+00:00,1.72267,1.72274,1.72263,1.72267,40700000
2006-01-02T08:55:00+00:00,1.72267,1.72272,1.72254,1.72262,78400000
2006-01-02T08:56:00+00:00,1.72259,1.72262,1.72252,1.72253,90800000
2006-01-02T08:57:00+00:00,1.72266,1.72273,1.72259,1.72273,41400000
2006-01-02T08:58:00+00:00,1.72271,1.72271,1.72249,1.72252,88900000
2006-01-02T09:00:00+00:00,1.72261,1.72267,1.72258,1.72267,22200000
2006-01-02T09:01:00+00:00,1.72258,1.72268,1.72252,1.72262,125000000
2006-01-02T09:02:00+00:00,1.72255,1.7227,1.72255,1.72266,61900000
2006-01-02T09:03:00+00:00,1.72266,1.72271,1.72252,1.72268,33100000
2006-01-02T09:04:00+00:00,1.72269,1.72272,1.72262,1.72264,48700000
2006-01-02T09:05:00+00:00,1.72267,1.72272,1.72259,1.7226,123500000
2006-01-02T09:06:00+00:00,1.72257,1.7227,1.72256,1.72256,54800000
2006-01-02T09:07:00+00:00,1.72257,1.7227,1.72255,1.72265,52900000
2006-01-02T09:08:00+00:00,1.72267,1.72272,1.72264,1.72268,108000000
2006-01-02T09:09:00+00:00,1.7226,1.7226,1.72253,1.72259,50700000
2006-01-02T09:10:00+00:00,1.7225,1.72255,1.72247,1.72255,68900000
2006-01-02T09:11:00+00:00,1.72258,1.72268,1.72255,1.72268,40800000
2006-01-02T09:12:00+00:00,1.72265,1.72265,1.72245,1.72245,72600000
2006-01-02T09:13:00+00:00,1.7225,1.72262,1.72249,1.72262,37700000
2006-01-02T09:14:00+00:00,1.72257,1.72257,1.72251,1.72257,36100000
2006-01-02T09:15:00+00:00,1.72256,1.72258,1.72253,1.72258,60600000
2006-01-02T09:16:00+00:00,1.72253,1.72268,1.72245,1.72266,62400000
2006-01-02T09:17:00+00:00,1.72258,1.72261,1.72251,1.72251,26200000
2006-01-02T09:18:00+00:00,1.72256,1.72261,1.72249,1.72261,61300000
2006-01-02T09:19:00+00:00,1.72255,1.72265,1.72255,1.7226,36800000
2006-01-02T09:20:00+00:00,1.72262,1.72271,1.72262,1.72262,21900000
2006-01-02T09:21:00+00:00,1.72267,1.72273,1.72264,1.72273,72800000
2006-01-02T09:22:00+00:00,1.72267,1.72268,1.7225,1.7225,85000000
2006-01-02T09:23:00+00:00,1.72253,1.72268,1.72253,1.72266,27800000
2006-01-02T09:24:00+00:00,1.72272,1.72272,1.72262,1.72269,65100000
2006-01-02T09:25:00+00:00,1.72259,1.72269,1.72257,1.72262,20800000
2006-01-02T09:26:00+00:00,1.72266,1.72272,1.72266,1.72266,79400000
2006-01-02T09:27:00+00:00,1.72265,1.72267,1.72256,1.7226,45600000
2006-01-02T09:28:00+00:00,1.72262,1.72262,1.72252,1.72252,24500000
2006-01-02T09:29:00+00:00,1.72251,1.72271,1.72251,1.72271,107300000
2006-01-02T09:30:00+00:00,1.7227,1.72274,1.72256,1.72256,55000000
2006-01-02T09:31:00+00:00,1.72253,1.72267,1.7225,1.7226,71200000
2006-01-02T09:32:00+00:00,1.7226,1.72268,1.72259,1.72268,110100000
2006-01-02T09:33:00+00:00,1.72262,1.72267,1.72258,1.72267,47300000
2006-01-02T09:34:00+00:00,1.72273,1.72273,1.72249,1.72255,69400000
2006-01-02T09:35:00+00:00,1.7226,1.72271,1.72254,1.72258,75400000
2006-01-02T09:36:00+00:00,1.72249,1.72262,1.72249,1.72258,50700000
2006-01-02T09:37:00+00:00,1.72257,1.72261,1.72252,1.72259,59400000
2006-01-02T09:38:00+00:00,1.72262,1.72262,1.72254,1.72258,38100000
2006-01-02T09:39:00+00:00,1.72258,1.7226,1.72257,1.72258,46500000
2006-01-02T09:40:00+00:00,1.72255,1.72265,1.72249,1.7226,61300000
2006-01-02T09:41:00+00:00,1.72267,1.72273,1.72262,1.72262,77200000
2006-01-02T09:42:00+00:00,1.7226,1.72267,1.72255,1.72267,101500000
2006-01-02T09:43:00+00:00,1.72266,1.72268,1.72259,1.72263,96600000
2006-01-02T09:44:00+00:00,1.72265,1.72265,1.72254,1.72265,98400000
2006-01-02T09:45:00+00:00,1.72267,1.72268,1.72256,1.72258,40600000
2006-01-02T09:46:00+00:00,1.72257,1.72261,1.72253,1.72259,126900000
2006-01-02T09:47:00+00:00,1.72263,1.7227,1.72254,1.72254,98800000
2006-01-02T09:48:00+00:00,1.72255,1.72273,1.72255,1.72266,65400000
2006-01-02T09:49:00+00:00,1.72262,1.7227,1.72254,1.72254,38700000
2006-01-02T09:50:00+00:00,1.72251,1.72263,1.72249,1.72263,38200000
2006-01-02T09:51:00+00:00,1.72266,1.72268,1.72253,1.72254,39500000
2006-01-02T09:53:00+00:00,1.72255,1.72266,1.72255,1.72258,81500000
2006-01-02T09:54:00+00:00,1.72257,1.72273,1.7225,1.7225,109346994
2006-01-02T09:55:00+00:00,1.72256,1.72257,1.72249,1.72257,84400000
2006-01-02T09:56:00+00:00,1.72258,1.72264,1.72253,1.72264,146000000
2006-01-02T09:57:00+00:00,1.72261,1.72273,1.72255,1.72273,129300000
2006-01-02T09:58:00+00:00,1.72259,1.7227,1.72254,1.7226,58100000
2006-01-02T09:59:00+00:00,1.72252,1.7227,1.72252,1.72266,138200000
2006-01-02T10:00:00+00:00,1.72267,1.72276,1.72262,1.7227,106300000
2006-01-02T10:01:00+00:00,1.72255,1.72258,1.72246,1.72246,79600000
2006-01-02T10:02:00+00:00,1.72247,1.72267,1.72247,1.72265,28000000
2006-01-02T10:03:00+00:00,1.72269,1.72271,1.72257,1.72259,96800000
2006-01-02T10:04:00+00:00,1.72261,1.72276,1.72261,1.72263,88600000
2006-01-02T10:05:00+00:00,1.72272,1.72272,1.72257,1.72271,29400000
2006-01-02T10:06:00+00:00,1.72268,1.72271,1.72256,1.72256,51400000
2006-01-02T10:07:00+00:00,1.7226,1.7227,1.7226,1.72265,94500000
2006-01-02T10:08:00+00:00,1.72263,1.72269,1.72262,1.72267,53046994
2006-01-02T10:09:00+00:00,1.72267,1.7227,1.72256,1.7226,12500000
2006-01-02T10:10:00+00:00,1.7226,1.72269,1.7226,1.72267,52700000
2006-01-02T10:11:00+00:00,1.72258,1.72261,1.72254,1.72257,53300000
2006-01-02T10:12:00+00:00,1.72258,1.7226,1.72256,1.72259,41200000
2006-01-02T10:13:00+00:00,1.72259,1.72259,1.72255,1.72258,23400000
2006-01-02T10:14:00+00:00,1.72258,1.72259,1.72253,1.72259,55900000
2006-01-02T10:15:00+00:00,1.72261,1.72261,1.72252,1.72257,59500000
2006-01-02T10:16:00+00:00,1.72261,1.72261,1.72248,1.72256,64100000
2006-01-02T10:18:00+00:00,1.72253,1.72254,1.72252,1.72252,36000000
2006-01-02T10:19:00+00:00,1.72259,1.72269,1.72257,1.72257,63100000
2006-01-02T10:20:00+00:00,1.72263,1.72263,1.7225,1.72263,119900000
2006-01-02T10:21:00+00:00,1.7225,1.72276,1.7225,1.72262,57800000
2006-01-02T10:22:00+00:00,1.72262,1.72262,1.72246,1.72257,113000000
2006-01-02T10:23:00+00:00,1.72267,1.72271,1.72262,1.72262,41700000
2006-01-02T10:24:00+00:00,1.72258,1.72273,1.72253,1.7227,41100000
2006-01-02T10:26:00+00:00,1.72273,1.72273,1.72253,1.72253,56000000
2006-01-02T10:27:00+00:00,1.72252,1.72261,1.72252,1.72258,65700000
2006-01-02T10:28:00+00:00,1.7226,1.7227,1.72253,1.72253,72600000
2006-01-02T10:29:00+00:00,1.72258,1.72262,1.7225,1.72252,173500000
2006-01-02T10:30:00+00:00,1.7226,1.72269,1.72258,1.72268,64800000
2006-01-02T10:31:00+00:00,1.7227,1.7227,1.72256,1.72258,63600000
2006-01-02T10:32:00+00:00,1.72259,1.72269,1.72258,1.72261,63800000
2006-01-02T10:33:00+00:00,1.72267,1.72274,1.72262,1.72274,71200000
2006-01-02T10:34:00+00:00,1.72271,1.72271,1.72259,1.72259,35300000
2006-01-02T10:35:00+00:00,1.72257,1.72271,1.72255,1.72271,51300000
2006-01-02T10:36:00+00:00,1.72265,1.7227,1.72254,1.72259,47600000
2006-01-02T10:37:00+00:00,1.72251,1.72273,1.72251,1.72262,96700000
2006-01-02T10:38:00+00:00,1.72258,1.72263,1.72251,1.72263,96300000
2006-01-02T10:39:00+00:00,1.72253,1.72258,1.72249,1.72249,16800000
2006-01-02T10:40:00+00:00,1.72251,1.72262,1.7225,1.72254,104600000
2006-01-02T10:41:00+00:00,1.72246,1.72261,1.72246,1.72261,56500000
2006-01-02T10:43:00+00:00,1.72251,1.72261,1.72247,1.72261,92100000
2006-01-02T10:44:00+00:00,1.72264,1.72271,1.72262,1.72267,43700000
2006-01-02T10:46:00+00:00,1.72269,1.7227,1.72264,1.72267,13300000
2006-01-02T10:47:00+00:00,1.72262,1.72268,1.72253,1.72268,41900000
2006-01-02T10:48:00+00:00,1.72262,1.72271,1.72255,1.72255,18000000
2006-01-02T10:49:00+00:00,1.72253,1.72269,1.72253,1.72269,59700000
2006-01-02T10:50:00+00:00,1.72272,1.72272,1.72253,1.72265,97700000
2006-01-02T10:51:00+00:00,1.72267,1.72276,1.72266,1.72268,65800000
2006-01-02T10:52:00+00:00,1.72258,1.72272,1.72258,1.72268,85900000
2006-01-02T10:53:00+00:00,1.7227,1.72273,1.7226,1.7226,60300000
2006-01-02T10:54:00+00:00,1.72266,1.72271,1.72246,1.72253,27400000
2006-01-02T10:55:00+00:00,1.72252,1.72263,1.72246,1.72255,56200000
2006-01-02T10:56:00+00:00,1.72253,1.72261,1.72248,1.72257,44200000
2006-01-02T10:57:00+00:00,1.72262,1.72271,1.72262,1.72271,21500000
2006-01-02T10:58:00+00:00,1.72273,1.72273,1.72265,1.72266,74300000
2006-01-02T10:59:00+00:00,1.7224,1.72267,1.7224,1.72263,67500000
2006-01-02T11:00:00+00:00,1.72263,1.72263,1.72253,1.72263,149000000
2006-01-02T11:01:00+00:00,1.72254,1.72271,1.72254,1.72271,88700000
2006-01-02T11:02:00+00:00,1.72262,1.72266,1.72258,1.72258,95100000
2006-01-02T11:03:00+00:00,1.72258,1.72269,1.72255,1.72255,51100000
2006-01-02T11:04:00+00:00,1.72258,1.72268,1.72256,1.72264,89900000
2006-01-02T11:05:00+00:00,1.72262,1.72267,1.72257,1.72257,31000000
2006-01-02T11:06:00+00:00,1.72268,1.72271,1.72255,1.72257,56400000
2006-01-02T11:07:00+00:00,1.72268,1.72273,1.72266,1.72268,79200000
2006-01-02T11:08:00+00:00,1.72274,1.72275,1.72262,1.72275,52800000
2006-01-02T11:09:00+00:00,1.72266,1.72266,1.72258,1.72265,67900000
2006-01-02T11:10:00+00:00,1.72269,1.7227,1.72262,1.72262,21800000
2006-01-02T11:11:00+00:00,1.72258,1.72261,1.72254,1.72257,57900000
2006-01-02T11:12:00+00:00,1.72267,1.72269,1.72255,1.72263,52400000
2006-01-02T11:13:00+00:00,1.72248,1.7226,1.72248,1.7225,43600000
2006-01-02T11:14:00+00:00,1.72253,1.72269,1.72251,1.72269,101500000
2006-01-02T11:15:00+00:00,1.7227,1.7227,1.72252,1.72258,23700000
2006-01-02T11:16:00+00:00,1.72262,1.72266,1.72262,1.72263,66900000
2006-01-02T11:17:00+00:00,1.72267,1.72269,1.72261,1.72264,51200000
2006-01-02T11:18:00+00:00,1.72263,1.72268,1.7225,1.7225,63000000
2006-01-02T11:19:00+00:00,1.72262,1.72273,1.72262,1.7227,105600000
2006-01-02T11:20:00+00:00,1.72263,1.72263,1.72253,1.72258,44900000
2006-01-02T11:21:00+00:00,1.72272,1.72272,1.72263,1.72264,19200000
2006-01-02T11:22:00+00:00,1.72269,1.72271,1.72257,1.72257,43600000
2006-01-02T11:23:00+00:00,1.72262,1.7227,1.72262,1.72264,54000000
2006-01-02T11:24:00+00:00,1.72251,1.72262,1.72244,1.72256,50400000
2006-01-02T11:25:00+00:00,1.72264,1.72268,1.72264,1.72268,71700000
2006-01-02T11:26:00+00:00,1.72257,1.72262,1.72247,1.72247,53400000
2006-01-02T11:27:00+00:00,1.72251,1.72263,1.72247,1.72263,98900000
2006-01-02T11:28:00+00:00,1.72252,1.72261,1.72249,1.72249,64700000
2006-01-02T11:29:00+00:00,1.72252,1.72267,1.72252,1.72267,128800000
2006-01-02T11:30:00+00:00,1.72265,1.72269,1.72257,1.7226,99100000
2006-01-02T11:31:00+00:00,1.72268,1.72268,1.72262,1.72262,48100000
2006-01-02T11:32:00+00:00,1.72259,1.72268,1.72254,1.72265,101200000
2006-01-02T11:34:00+00:00,1.7226,1.72271,1.72259,1.72261,67300000
2006-01-02T11:35:00+00:00,1.72254,1.72263,1.72245,1.72263,42300000
2006-01-02T11:36:00+00:00,1.72267,1.72274,1.72265,1.72274,110300000
2006-01-02T11:37:00+00:00,1.72272,1.72272,1.72252,1.72252,39400000
2006-01-02T11:38:00+00:00,1.72266,1.72267,1.72249,1.72249,95600000
2006-01-02T11:39:00+00:00,1.72254,1.72266,1.72252,1.72252,49700000
2006-01-02T11:40:00+00:00,1.72257,1.7227,1.72256,1.7227,97600000
2006-01-02T11:41:00+00:00,1.72272,1.72272,1.72248,1.72248,97600000
2006-01-02T11:42:00+00:00,1.72246,1.72271,1.72246,1.72271,75800000
2006-01-02T11:43:00+00:00,1.72269,1.72269,1.72255,1.72264,41200000
2006-01-02T11:44:00+00:00,1.72259,1.72263,1.72252,1.72263,48900000
2006-01-02T11:45:00+00:00,1.72258,1.72262,1.72254,1.72254,19600000
2006-01-02T11:46:00+00:00,1.72255,1.72264,1.72255,1.72261,39600000
2006-01-02T11:47:00+00:00,1.72258,1.72262,1.72253,1.72253,61600000
2006-01-02T11:48:00+00:00,1.72254,1.72268,1.72254,1.72265,80000000
2006-01-02T11:49:00+00:00,1.72257,1.72262,1.72244,1.72257,68400000
2006-01-02T11:50:00+00:00,1.72261,1.72264,1.72261,1.72262,48400000
2006-01-02T11:51:00+00:00,1.72262,1.72272,1.72262,1.72268,33200000
2006-01-02T11:52:00+00:00,1.72266,1.72271,1.72261,1.72262,28700000
2006-01-02T11:53:00+00:00,1.72257,1.72272,1.72257,1.72272,41500000
2006-01-02T11:54:00+00:00,1.72268,1.72268,1.72257,1.72259,54600000
2006-01-02T11:55:00+00:00,1.72253,1.72266,1.72253,1.72266,50600000
2006-01-02T11:56:00+00:00,1.72271,1.72271,1.72257,1.72267,76600000
2006-01-02T11:58:00+00:00,1.72264,1.72267,1.72246,1.72246,47200000
2006-01-02T12:00:00+00:00,1.72259,1.72268,1.72252,1.72264,32500000
2006-01-02T12:01:00+00:00,1.72272,1.72272,1.72262,1.72262,62400000
2006-01-02T12:02:00+00:00,1.72262,1.72265,1.72257,1.72257,68500000
2006-01-02T12:03:00+00:00,1.7227,1.72274,1.72263,1.72263,21700000
2006-01-02T12:04:00+00:00,1.72261,1.72265,1.72256,1.72257,34300000
2006-01-02T12:05:00+00:00,1.72253,1.72273,1.72253,1.72273,14300000
2006-01-02T12:06:00+00:00,1.72265,1.72265,1.72255,1.72257,24400000
2006-01-02T12:07:00+00:00,1.72263,1.72267,1.72262,1.72267,23900000
2006-01-02T12:08:00+00:00,1.7227,1.7227,1.7225,1.7225,35000000
2006-01-02T12:09:00+00:00,1.72259,1.72259,1.72256,1.72256,19800000
2006-01-02T12:11:00+00:00,1.72257,1.72272,1.72257,1.72261,30800000
2006-01-02T12:12:00+00:00,1.72255,1.72261,1.72253,1.72253,65100000
2006-01-02T12:13:00+00:00,1.72258,1.7227,1.72256,1.72262,65100000
2006-01-02T12:14:00+00:00,1.7226,1.72266,1.72254,1.72255,55100000
2006-01-02T12:15:00+00:00,1.72255,1.72269,1.72255,1.72267,58800000
2006-01-02T12:16:00+00:00,1.72262,1.72272,1.72262,1.72263,47200000
2006-01-02T12:17:00+00:00,1.72266,1.72272,1.72262,1.72266,73800000
2006-01-02T12:18:00+00:00,1.72264,1.72264,1.72248,1.72253,101900000
2006-01-02T12:19:00+00:00,1.72257,1.72271,1.72255,1.72261,35100000
2006-01-02T12:20:00+00:00,1.72253,1.72267,1.72251,1.72265,98800000
2006-01-02T12:21:00+00:00,1.72251,1.72258,1.72251,1.72258,14700000
2006-01-02T12:22:00+00:00,1.72267,1.72267,1.72252,1.72254,40000000
2006-01-02T12:23:00+00:00,1.72258,1.72271,1.72247,1.72271,65600000
2006-01-02T12:24:00+00:00,1.72266,1.72267,1.72256,1.72263,36200000
2006-01-02T12:25:00+00:00,1.72266,1.72271,1.72249,1.72249,76900000
2006-01-02T12:26:00+00:00,1.72257,1.72261,1.72251,1.72259,97550000
2006-01-02T12:27:00+00:00,1.72257,1.72269,1.72257,1.7226,45200000
2006-01-02T12:28:00+00:00,1.72248,1.72257,1.72247,1.72252,63700000
2006-01-02T12:29:00+00:00,1.72261,1.72264,1.72253,1.72253,35200000
2006-01-02T12:30:00+00:00,1.72259,1.72266,1.7225,1.72255,68700000
2006-01-02T12:31:00+00:00,1.72259,1.72272,1.72259,1.72262,68250000
2006-01-02T12:32:00+00:00,1.72266,1.72266,1.72247,1.72247,42600000
2006-01-02T12:33:00+00:00,1.72253,1.72274,1.72253,1.7227,46900000
2006-01-02T12:34:00+00:00,1.7226,1.72263,1.72246,1.72263,58000000
2006-01-02T12:35:00+00:00,1.72258,1.72271,1.72256,1.72256,111000000
2006-01-02T12:36:00+00:00,1.72264,1.72274,1.72246,1.72246,95100000
2006-01-02T12:37:00+00:00,1.72251,1.7227,1.72251,1.72268,46600000
2006-01-02T12:38:00+00:00,1.72258,1.72265,1.72254,1.72254,29700000
2006-01-02T12:39:00+00:00,1.72258,1.72265,1.72254,1.7226,49000000
2006-01-02T12:40:00+00:00,1.72262,1.72271,1.72262,1.72266,45300000
2006-01-02T12:41:00+00:00,1.72262,1.7227,1.7226,1.7226,61700000
2006-01-02T12:42:00+00:00,1.72262,1.72271,1.72262,1.72266,41500000
2006-01-02T12:43:00+00:00,1.72269,1.72269,1.72253,1.72262,29800000
2006-01-02T12:44:00+00:00,1.72262,1.72262,1.7225,1.72262,49400000
2006-01-02T12:45:00+00:00,1.72258,1.72268,1.72256,1.72264,84200000
2006-01-02T12:46:00+00:00,1.72259,1.7226,1.72256,1.72257,27800000
2006-01-02T12:48:00+00:00,1.72257,1.72274,1.72257,1.72265,29800000
2006-01-02T12:49:00+00:00,1.72272,1.72272,1.72252,1.72271,90100000
2006-01-02T12:50:00+00:00,1.72272,1.72272,1.7225,1.72253,39100000
2006-01-02T12:51:00+00:00,1.72252,1.72259,1.72248,1.72252,95400000
2006-01-02T12:52:00+00:00,1.72247,1.72269,1.72247,1.7226,86200000
2006-01-02T12:53:00+00:00,1.72257,1.72271,1.72255,1.72271,25200000
2006-01-02T12:54:00+00:00,1.7227,1.7227,1.72254,1.72258,83200000
2006-01-02T12:55:00+00:00,1.7225,1.72265,1.7225,1.72265,68300000
2006-01-02T12:56:00+00:00,1.72268,1.7227,1.72265,1.72267,90400000
2006-01-02T12:57:00+00:00,1.72264,1.72264,1.72249,1.72253,112000000
2006-01-02T12:58:00+00:00,1.7225,1.72262,1.72247,1.72262,42800000
2006-01-02T12:59:00+00:00,1.72256,1.72273,1.72255,1.72268,91200000
2006-01-02T13:00:00+00:00,1.72258,1.72262,1.72254,1.72258,121600000
2006-01-02T13:01:00+00:00,1.72249,1.72266,1.72249,1.72252,52300000
2006-01-02T13:02:00+00:00,1.72258,1.72272,1.72258,1.72265,72100000
2006-01-02T13:03:00+00:00,1.72268,1.72271,1.72251,1.72259,50500000
2006-01-02T13:04:00+00:00,1.72256,1.72256,1.72254,1.72254,29600000
2006-01-02T13:05:00+00:00,1.72249,1.72261,1.72249,1.72261,11600000
2006-01-02T13:06:00+00:00,1.72267,1.72273,1.72255,1.7226,67500000
2006-01-02T13:07:00+00:00,1.7225,1.72261,1.72246,1.72261,60750000
2006-01-02T13:08:00+00:00,1.72268,1.72268,1.72256,1.72268,27400000
2006-01-02T13:09:00+00:00,1.7227,1.7227,1.72251,1.72265,83200000
2006-01-02T13:10:00+00:00,1.7226,1.7226,1.72254,1.72258,92100000
2006-01-02T13:11:00+00:00,1.72258,1.72258,1.72244,1.72244,94400000
2006-01-02T13:12:00+00:00,1.72256,1.72264,1.72252,1.7226,32900000
2006-01-02T13:13:00+00:00,1.72264,1.72271,1.72254,1.72271,89100000
2006-01-02T13:14:00+00:00,1.72271,1.72271,1.72253,1.72254,34300000
2006-01-02T13:15:00+00:00,1.72251,1.72261,1.72251,1.72257,62200000
2006-01-02T13:16:00+00:00,1.72251,1.72262,1.72249,1.72262,43000000
2006-01-02T13:17:00+00:00,1.7226,1.72262,1.72257,1.72257,56900000
2006-01-02T13:18:00+00:00,1.72259,1.72266,1.72252,1.72262,70300000
2006-01-02T13:19:00+00:00,1.72262,1.72272,1.72254,1.72256,73100000
2006-01-02T13:21:00+00:00,1.72268,1.72268,1.72261,1.72261,60100000
2006-01-02T13:22:00+00:00,1.72257,1.72273,1.72257,1.72273,52700000
2006-01-02T13:23:00+00:00,1.72272,1.72272,1.72257,1.7226,104800000
2006-01-02T13:24:00+00:00,1.72267,1.72267,1.72254,1.7226,51200000
2006-01-02T13:25:00+00:00,1.72267,1.72267,1.72249,1.7226,94300000
2006-01-02T13:26:00+00:00,1.72262,1.72272,1.72262,1.72262,41200000
2006-01-02T13:27:00+00:00,1.72265,1.72269,1.72251,1.72261,54800000
2006-01-02T13:28:00+00:00,1.72258,1.72269,1.72258,1.72262,25900000
2006-01-02T13:29:00+00:00,1.72267,1.7227,1.72252,1.72257,217200000
2006-01-02T13:30:00+00:00,1.72255,1.72266,1.72253,1.72253,69800000
2006-01-02T13:31:00+00:00,1.72258,1.72271,1.72253,1.72271,141600000
2006-01-02T13:32:00+00:00,1.72265,1.72273,1.72249,1.72249,78300000
2006-01-02T13:33:00+00:00,1.72254,1.72256,1.72254,1.72256,11200000
2006-01-02T13:34:00+00:00,1.7227,1.7227,1.72263,1.72263,33800000
2006-01-02T13:35:00+00:00,1.72265,1.72265,1.72245,1.72262,58000000
2006-01-02T13:36:00+00:00,1.72256,1.72259,1.72255,1.72257,63600000
2006-01-02T13:37:00+00:00,1.72262,1.7227,1.72253,1.72253,69500000
2006-01-02T13:38:00+00:00,1.72257,1.72271,1.72254,1.72264,56950000
2006-01-02T13:39:00+00:00,1.72264,1.72264,1.72251,1.72251,46900000
2006-01-02T13:40:00+00:00,1.72252,1.72271,1.72252,1.72262,119900000
2006-01-02T13:41:00+00:00,1.72258,1.72261,1.72253,1.72258,118700000
2006-01-02T13:42:00+00:00,1.72258,1.72276,1.72257,1.72261,125800000
2006-01-02T13:43:00+00:00,1.72255,1.72261,1.72255,1.72256,67300000
2006-01-02T13:44:00+00:00,1.72253,1.72256,1.72251,1.72251,43800000
2006-01-02T13:45:00+00:00,1.72254,1.72259,1.72254,1.72256,51500000
2006-01-02T13:46:00+00:00,1.72259,1.72267,1.72259,1.72267,71100000
2006-01-02T13:47:00+00:00,1.72263,1.72267,1.72254,1.72254,57400000
2006-01-02T13:49:00+00:00,1.72256,1.72272,1.72256,1.72272,54900000
2006-01-02T13:50:00+00:00,1.72267,1.72268,1.72258,1.72258,40000000
2006-01-02T13:51:00+00:00,1.72257,1.72263,1.72251,1.72263,34200000
2006-01-02T13:52:00+00:00,1.72263,1.72268,1.72257,1.72258,164100000
2006-01-02T13:53:00+00:00,1.72258,1.7226,1.72249,1.72259,65500000
2006-01-02T13:54:00+00:00,1.72262,1.72269,1.72255,1.72258,69200000
2006-01-02T13:55:00+00:00,1.72267,1.72272,1.72258,1.72258,51800000
2006-01-02T13:56:00+00:00,1.72268,1.72269,1.72256,1.72257,46000000
2006-01-02T13:57:00+00:00,1.72258,1.72265,1.72247,1.72265,78500000
2006-01-02T13:58:00+00:00,1.72263,1.72273,1.72263,1.72268,29900000
2006-01-02T13:59:00+00:00,1.72267,1.7227,1.72261,1.72268,72500000
2006-01-02T14:00:00+00:00,1.72261,1.72261,1.72246,1.72247,24600000
2006-01-02T14:01:00+00:00,1.72263,1.72263,1.72246,1.72262,53700000
2006-01-02T14:02:00+00:00,1.72263,1.72267,1.72263,1.72267,31000000
2006-01-02T14:03:00+00:00,1.72267,1.72267,1.72253,1.72255,35300000
2006-01-02T14:04:00+00:00,1.72252,1.72263,1.72252,1.72262,125900000
2006-01-02T14:05:00+00:00,1.72262,1.72271,1.72254,1.72271,43800000
2006-01-02T14:06:00+00:00,1.72273,1.72273,1.7226,1.72273,80900000
2006-01-02T14:07:00+00:00,1.72263,1.72263,1.72263,1.72263,22300000
2006-01-02T14:08:00+00:00,1.72255,1.7227,1.72255,1.72261,68800000
2006-01-02T14:09:00+00:00,1.72258,1.72266,1.72256,1.72266,60300000
2006-01-02T14:10:00+00:00,1.72265,1.72274,1.72254,1.72254,46300000
2006-01-02T14:11:00+00:00,1.72252,1.72261,1.72252,1.72259,69200000
2006-01-02T14:12:00+00:00,1.72263,1.72268,1.72253,1.72253,52400000
2006-01-02T14:13:00+00:00,1.72252,1.72272,1.7225,1.72272,98900000
2006-01-02T14:15:00+00:00,1.72273,1.72273,1.72251,1.72251,33100000
2006-01-02T14:16:00+00:00,1.72256,1.72268,1.72256,1.72265,49100000
2006-01-02T14:17:00+00:00,1.72272,1.72272,1.72256,1.72256,95600000
2006-01-02T14:18:00+00:00,1.72252,1.72263,1.72252,1.72259,31100000
2006-01-02T14:19:00+00:00,1.72261,1.72272,1.72261,1.72272,50200000
2006-01-02T14:20:00+00:00,1.72258,1.72262,1.72254,1.7226,45400000
2006-01-02T14:21:00+00:00,1.72261,1.72261,1.72243,1.72251,42400000
2006-01-02T14:22:00+00:00,1.72257,1.72268,1.72255,1.72268,57900000
2006-01-02T14:23:00+00:00,1.72262,1.72271,1.72262,1.72268,60800000
2006-01-02T14:24:00+00:00,1.72272,1.72272,1.72256,1.7226,51600000
2006-01-02T14:25:00+00:00,1.72257,1.72263,1.72255,1.72255,44300000
2006-01-02T14:26:00+00:00,1.72257,1.72261,1.72251,1.72257,59100000
2006-01-02T14:27:00+00:00,1.72253,1.72271,1.72253,1.7227,56400000
2006-01-02T14:28:00+00:00,1.72267,1.72271,1.72259,1.7226,51600000
2006-01-02T14:29:00+00:00,1.72271,1.72271,1.72269,1.72269,8600000
2006-01-02T14:30:00+00:00,1.72255,1.72268,1.72255,1.7226,98400000
2006-01-02T14:31:00+00:00,1.72262,1.7227,1.72262,1.72268,49900000
2006-01-02T14:32:00+00:00,1.72271,1.72271,1.72267,1.72267,71100000
2006-01-02T14:33:00+00:00,1.7225,1.72261,1.7225,1.72253,56000000
2006-01-02T14:34:00+00:00,1.7227,1.72275,1.7227,1.72275,46700000
2006-01-02T14:35:00+00:00,1.72272,1.72272,1.72263,1.72265,44200000
2006-01-02T14:36:00+00:00,1.72267,1.72269,1.72258,1.72262,56700000
2006-01-02T14:37:00+00:00,1.72263,1.72275,1.72259,1.72267,43600000
2006-01-02T14:38:00+00:00,1.72249,1.72265,1.72249,1.72261,55900000
2006-01-02T14:39:00+00:00,1.72246,1.72262,1.72246,1.72258,50500000
2006-01-02T14:40:00+00:00,1.72255,1.72262,1.72252,1.72252,42800000
2006-01-02T14:41:00+00:00,1.72235,1.72268,1.72235,1.7225,70700000
2006-01-02T14:42:00+00:00,1.72254,1.72265,1.72254,1.72265,41200000
2006-01-02T14:43:00+00:00,1.72262,1.72271,1.72259,1.72264,80900000
2006-01-02T14:44:00+00:00,1.72257,1.72263,1.72248,1.72263,32200000
2006-01-02T14:45:00+00:00,1.72261,1.72261,1.72251,1.72251,1000000
2006-01-02T14:46:00+00:00,1.7226,1.72274,1.7226,1.7227,62400000
2006-01-02T14:47:00+00:00,1.72266,1.72275,1.72251,1.72258,77800000
2006-01-02T14:48:00+00:00,1.72254,1.72266,1.72251,1.72256,84600000
2006-01-02T14:49:00+00:00,1.72259,1.72263,1.72257,1.72261,17200000
2006-01-02T14:50:00+00:00,1.72267,1.72269,1.72261,1.72262,37200000
2006-01-02T14:51:00+00:00,1.7226,1.72273,1.72257,1.72273,35800000
2006-01-02T14:52:00+00:00,1.72267,1.72271,1.72262,1.72262,28400000
2006-01-02T14:53:00+00:00,1.72255,1.72268,1.72255,1.72268,39800000
2006-01-02T14:54:00+00:00,1.72258,1.72268,1.72256,1.72262,89800000
2006-01-02T14:55:00+00:00,1.72263,1.72267,1.7225,1.72267,66700000
2006-01-02T14:56:00+00:00,1.72263,1.72263,1.72249,1.72249,64900000
2006-01-02T14:57:00+00:00,1.72257,1.72263,1.72254,1.72263,44700000
2006-01-02T14:58:00+00:00,1.7226,1.72268,1.7226,1.72268,32600000
2006-01-02T14:59:00+00:00,1.72272,1.72272,1.72255,1.72268,62200000
2006-01-02T15:00:00+00:00,1.72261,1.72271,1.72258,1.72258,82700000
2006-01-02T15:01:00+00:00,1.72258,1.72258,1.72252,1.72258,54900000
2006-01-02T15:02:00+00:00,1.72262,1.72262,1.72249,1.72256,68800000
2006-01-02T15:03:00+00:00,1.72262,1.72265,1.72253,1.72258,41600000
2006-01-02T15:04:00+00:00,1.72254,1.72262,1.72251,1.72256,59900000
2006-01-02T15:05:00+00:00,1.72251,1.72261,1.72248,1.72248,53200000
2006-01-02T15:06:00+00:00,1.72252,1.7226,1.72249,1.72256,34000000
2006-01-02T15:07:00+00:00,1.7226,1.72272,1.7226,1.72272,35800000
2006-01-02T15:08:00+00:00,1.72268,1.72268,1.72257,1.72257,48100000
2006-01-02T15:09:00+00:00,1.72257,1.72259,1.72252,1.72252,42900000
2006-01-02T15:10:00+00:00,1.72252,1.72262,1.72251,1.72251,41200000
2006-01-02T15:11:00+00:00,1.72247,1.72263,1.72247,1.72257,45400000
2006-01-02T15:12:00+00:00,1.72258,1.72266,1.72258,1.72263,70900000
2006-01-02T15:13:00+00:00,1.7226,1.72261,1.72252,1.72252,14100000
2006-01-02T15:14:00+00:00,1.72261,1.72275,1.72261,1.72275,35000000
2006-01-02T15:15:00+00:00,1.72264,1.72267,1.72256,1.72259,75200000
2006-01-02T15:16:00+00:00,1.7226,1.72273,1.72257,1.72273,88800000
2006-01-02T15:17:00+00:00,1.72273,1.72273,1.72261,1.72261,22100000
2006-01-02T15:18:00+00:00,1.72262,1.72262,1.72249,1.72255,19100000
2006-01-02T15:19:00+00:00,1.72262,1.72268,1.72262,1.72263,23200000
2006-01-02T15:20:00+00:00,1.72266,1.72272,1.72252,1.72252,73900000
2006-01-02T15:21:00+00:00,1.72257,1.7227,1.72257,1.72267,18700000
2006-01-02T15:22:00+00:00,1.72267,1.72271,1.72261,1.72267,43700000
2006-01-02T15:23:00+00:00,1.72257,1.72265,1.72255,1.72265,50100000
2006-01-02T15:24:00+00:00,1.72272,1.72272,1.72263,1.72263,12400000
2006-01-02T15:26:00+00:00,1.72263,1.72263,1.7225,1.72257,57600000
2006-01-02T15:27:00+00:00,1.72255,1.72255,1.72247,1.72247,6500000
2006-01-02T15:28:00+00:00,1.7225,1.72257,1.7225,1.72257,10800000
2006-01-02T15:29:00+00:00,1.72257,1.72272,1.72252,1.72272,62500000
2006-01-02T15:30:00+00:00,1.72267,1.72275,1.72266,1.72271,98500000
2006-01-02T15:31:00+00:00,1.72251,1.72254,1.72251,1.72254,1600000
2006-01-02T15:32:00+00:00,1.72258,1.72269,1.72252,1.72262,50600000
2006-01-02T15:33:00+00:00,1.72265,1.72265,1.72247,1.72258,74900000
2006-01-02T15:34:00+00:00,1.72265,1.72268,1.72253,1.72253,53700000
2006-01-02T15:35:00+00:00,1.72253,1.72264,1.72253,1.72257,32700000
2006-01-02T15:36:00+00:00,1.72258,1.72271,1.72253,1.72271,50200000
2006-01-02T15:37:00+00:00,1.72269,1.72272,1.72249,1.72252,61400000
2006-01-02T15:38:00+00:00,1.72255,1.7227,1.72255,1.72267,25900000
2006-01-02T15:39:00+00:00,1.72269,1.72269,1.72252,1.72258,62200000
2006-01-02T15:40:00+00:00,1.7226,1.72261,1.72248,1.72252,59800000
2006-01-02T15:41:00+00:00,1.72256,1.72265,1.72255,1.72264,47800000
2006-01-02T15:42:00+00:00,1.72262,1.72262,1.72251,1.72262,68300000
2006-01-02T15:43:00+00:00,1.72263,1.72271,1.72257,1.72264,126400000
2006-01-02T15:44:00+00:00,1.72263,1.72268,1.72263,1.72263,58100000
2006-01-02T15:45:00+00:00,1.72259,1.72269,1.72253,1.72267,44000000
2006-01-02T15:46:00+00:00,1.72263,1.72265,1.7226,1.7226,34800000
2006-01-02T15:47:00+00:00,1.72252,1.72258,1.72249,1.72258,27200000
2006-01-02T15:48:00+00:00,1.72258,1.72263,1.72255,1.72256,63100000
2006-01-02T15:49:00+00:00,1.72258,1.72266,1.72252,1.72266,49600000
2006-01-02T15:50:00+00:00,1.72254,1.72267,1.72253,1.72265,86400000
2006-01-02T15:51:00+00:00,1.72265,1.72265,1.72253,1.72259,34700000
2006-01-02T15:52:00+00:00,1.72257,1.72262,1.72253,1.72262,34000000
2006-01-02T15:53:00+00:00,1.72254,1.72264,1.72253,1.72264,113900000
2006-01-02T15:54:00+00:00,1.72262,1.72273,1.72262,1.72273,45700000
2006-01-02T15:55:00+00:00,1.72268,1.72268,1.72256,1.72261,84200000
2006-01-02T15:56:00+00:00,1.7225,1.72255,1.7225,1.72255,44500000
2006-01-02T15:57:00+00:00,1.72253,1.72263,1.72253,1.7226,40900000
2006-01-02T15:59:00+00:00,1.72258,1.72267,1.72256,1.7226,33800000
2006-01-02T16:00:00+00:00,1.72266,1.72266,1.72254,1.72254,41500000
2006-01-02T16:01:00+00:00,1.7226,1.72273,1.72254,1.72273,924300000
2006-01-02T16:03:00+00:00,1.72273,1.72273,1.7225,1.72252,1386000000
2006-01-02T16:04:00+00:00,1.72258,1.72273,1.72258,1.72261,795200000
2006-01-02T16:05:00+00:00,1.72257,1.72268,1.72254,1.72257,1146400000
2006-01-02T16:06:00+00:00,1.72259,1.72272,1.72253,1.72264,969800000
2006-01-02T16:07:00+00:00,1.72266,1.72274,1.72254,1.72258,1226600000
2006-01-02T16:08:00+00:00,1.72257,1.72273,1.72255,1.72268,1043500000
2006-01-02T16:09:00+00:00,1.72262,1.72273,1.72253,1.72273,595700000
2006-01-02T16:10:00+00:00,1.72273,1.72273,1.72256,1.72257,913200000
2006-01-02T16:11:00+00:00,1.72268,1.72276,1.72257,1.72275,497800000
2006-01-02T16:12:00+00:00,1.72265,1.72268,1.7225,1.7225,841400000
2006-01-02T16:13:00+00:00,1.72249,1.72262,1.72248,1.72258,624700000
2006-01-02T16:14:00+00:00,1.72268,1.72275,1.72262,1.72269,706300000
2006-01-02T16:15:00+00:00,1.72273,1.72273,1.72252,1.72252,862100000
2006-01-02T16:16:00+00:00,1.72256,1.72263,1.7225,1.72263,710750000
2006-01-02T16:17:00+00:00,1.72268,1.72274,1.72261,1.72263,369200000
2006-01-02T16:18:00+00:00,1.72258,1.72261,1.72246,1.7225,711200000
2006-01-02T16:19:00+00:00,1.72257,1.72263,1.72249,1.72249,429300000
2006-01-02T16:20:00+00:00,1.72251,1.72263,1.7225,1.72256,535300000
2006-01-02T16:21:00+00:00,1.72257,1.72265,1.7225,1.72262,812900000
2006-01-02T16:22:00+00:00,1.72264,1.7227,1.72249,1.72259,530200000
2006-01-02T16:23:00+00:00,1.72264,1.72271,1.72253,1.72271,882600000
2006-01-02T16:24:00+00:00,1.72273,1.72273,1.72245,1.7225,791900000
2006-01-02T16:25:00+00:00,1.72247,1.72269,1.72247,1.72251,836900000
2006-01-02T16:26:00+00:00,1.72253,1.72263,1.72246,1.72262,556000000
2006-01-02T16:27:00+00:00,1.72267,1.72273,1.7226,1.72266,829200000
2006-01-02T16:28:00+00:00,1.72259,1.72268,1.72255,1.72265,335100000
2006-01-02T16:29:00+00:00,1.72265,1.72265,1.72249,1.72255,848650000
2006-01-02T16:30:00+00:00,1.72259,1.72272,1.72256,1.72258,573900000
2006-01-02T16:31:00+00:00,1.72258,1.72265,1.72246,1.7226,511500000
2006-01-02T16:32:00+00:00,1.7226,1.72277,1.72253,1.72259,373000000
2006-01-02T16:33:00+00:00,1.72261,1.72277,1.72261,1.72262,730500000
2006-01-02T16:34:00+00:00,1.72257,1.72261,1.72243,1.72253,687900000
2006-01-02T16:35:00+00:00,1.72246,1.72272,1.72246,1.72272,449400000
2006-01-02T16:36:00+00:00,1.72273,1.72273,1.7226,1.72273,107800000
2006-01-02T16:37:00+00:00,1.72273,1.72273,1.72262,1.72268,172000000
2006-01-02T16:38:00+00:00,1.72274,1.72274,1.72262,1.72267,124400000
2006-01-02T16:39:00+00:00,1.72258,1.72273,1.72252,1.72273,208700000
2006-01-02T16:40:00+00:00,1.72268,1.72268,1.72248,1.72259,314100000
2006-01-02T16:41:00+00:00,1.72261,1.72273,1.72261,1.72273,305000000
2006-01-02T16:42:00+00:00,1.7227,1.72278,1.72268,1.72273,211000000
2006-01-02T16:43:00+00:00,1.72272,1.72277,1.72264,1.72268,158100000
2006-01-02T16:44:00+00:00,1.72264,1.72276,1.72261,1.72262,494200000
2006-01-02T16:45:00+00:00,1.72264,1.72269,1.72252,1.72269,290300000
2006-01-02T16:46:00+00:00,1.72274,1.72274,1.72262,1.72262,138200000
2006-01-02T16:47:00+00:00,1.72259,1.7226,1.7225,1.72251,189800000
2006-01-02T16:48:00+00:00,1.72247,1.72265,1.72247,1.72259,386700000
2006-01-02T16:49:00+00:00,1.72257,1.72257,1.72248,1.72249,91100000
2006-01-02T16:50:00+00:00,1.72252,1.72263,1.7225,1.72253,179200000
2006-01-02T16:51:00+00:00,1.72267,1.72275,1.72253,1.72262,423300000
2006-01-02T16:52:00+00:00,1.72266,1.72276,1.72255,1.72265,631500000
2006-01-02T16:53:00+00:00,1.72267,1.72271,1.72256,1.72256,390200000
2006-01-02T16:54:00+00:00,1.72259,1.72272,1.72255,1.72262,303300000
2006-01-02T16:55:00+00:00,1.72267,1.72267,1.72252,1.72252,825200000
2006-01-02T16:56:00+00:00,1.72253,1.72269,1.72253,1.72258,289700000
2006-01-02T16:57:00+00:00,1.7226,1.72265,1.7225,1.72258,450900000
2006-01-02T16:58:00+00:00,1.72259,1.72266,1.72251,1.72256,632700000
2006-01-02T16:59:00+00:00,1.72257,1.7227,1.72254,1.7226,314400000
2006-01-02T17:00:00+00:00,1.72255,1.72265,1.72252,1.72252,295000000
2006-01-02T17:01:00+00:00,1.72261,1.72267,1.72261,1.72267,90700000
2006-01-02T17:02:00+00:00,1.72267,1.72269,1.72257,1.72258,440400000
2006-01-02T17:03:00+00:00,1.72258,1.72262,1.72245,1.72247,563500000
2006-01-02T17:04:00+00:00,1.72257,1.72271,1.72252,1.72265,302500000
2006-01-02T17:05:00+00:00,1.72263,1.72263,1.72255,1.72257,224700000
2006-01-02T17:06:00+00:00,1.72259,1.72272,1.7225,1.72272,619800000
2006-01-02T17:07:00+00:00,1.72268,1.72272,1.72256,1.72258,353200000
2006-01-02T17:08:00+00:00,1.72253,1.72272,1.72253,1.72258,566500000
2006-01-02T17:09:00+00:00,1.72258,1.72273,1.72255,1.72273,265400000
2006-01-02T17:10:00+00:00,1.7227,1.72271,1.72256,1.72257,407800000
2006-01-02T17:11:00+00:00,1.72258,1.72262,1.7225,1.7225,60000000
2006-01-02T17:12:00+00:00,1.72252,1.72265,1.72251,1.72251,232900000
2006-01-02T17:13:00+00:00,1.72256,1.72264,1.7225,1.72264,452600000
2006-01-02T17:14:00+00:00,1.72262,1.72269,1.72255,1.72267,220400000
2006-01-02T17:15:00+00:00,1.72266,1.72268,1.7225,1.72262,502100000
2006-01-02T17:16:00+00:00,1.72258,1.72258,1.72252,1.72252,163400000
2006-01-02T17:17:00+00:00,1.72256,1.72274,1.72256,1.72265,220700000
2006-01-02T17:18:00+00:00,1.72263,1.72263,1.72253,1.72257,293700000
2006-01-02T17:19:00+00:00,1.72258,1.72271,1.72257,1.72259,349000000
2006-01-02T17:20:00+00:00,1.7226,1.72276,1.72259,1.72261,351300000
2006-01-02T17:21:00+00:00,1.72263,1.72266,1.72249,1.72266,342200000
2006-01-02T17:22:00+00:00,1.7227,1.72272,1.72255,1.72267,275200000
2006-01-02T17:23:00+00:00,1.72266,1.72271,1.72255,1.7226,287700000
2006-01-02T17:24:00+00:00,1.72257,1.7227,1.72257,1.72265,172800000
2006-01-02T17:25:00+00:00,1.72263,1.72273,1.72253,1.72273,50900000
2006-01-02T17:26:00+00:00,1.72272,1.72272,1.72255,1.72255,346700000
2006-01-02T17:27:00+00:00,1.72261,1.72278,1.72258,1.72262,462100000
2006-01-02T17:28:00+00:00,1.72262,1.72273,1.72258,1.72268,524100000
2006-01-02T17:29:00+00:00,1.72265,1.72275,1.72255,1.72255,299150000
2006-01-02T17:30:00+00:00,1.72253,1.72268,1.7225,1.72268,483350000
2006-01-02T17:31:00+00:00,1.72267,1.72267,1.7225,1.72265,195800000
2006-01-02T17:32:00+00:00,1.72265,1.72271,1.7225,1.72263,315900000
2006-01-02T17:33:00+00:00,1.72269,1.72275,1.72261,1.72275,240800000
2006-01-02T17:34:00+00:00,1.72267,1.72269,1.72249,1.72266,151100000
2006-01-02T17:35:00+00:00,1.72268,1.72274,1.72257,1.72257,326000000
2006-01-02T17:36:00+00:00,1.7226,1.72269,1.72255,1.72268,284500000
2006-01-02T17:37:00+00:00,1.72263,1.72269,1.72254,1.7226,256600000
2006-01-02T17:38:00+00:00,1.72262,1.7227,1.72262,1.72269,114700000
2006-01-02T17:39:00+00:00,1.72267,1.72267,1.72249,1.72263,60100000
2006-01-02T17:40:00+00:00,1.72262,1.7227,1.72257,1.7226,426500000
2006-01-02T17:41:00+00:00,1.72263,1.72273,1.72259,1.72261,365900000
2006-01-02T17:42:00+00:00,1.72257,1.72263,1.72249,1.72263,232300000
2006-01-02T17:43:00+00:00,1.72264,1.72264,1.72254,1.72258,146450000
2006-01-02T17:44:00+00:00,1.72261,1.72272,1.72257,1.72261,347300000
2006-01-02T17:45:00+00:00,1.7226,1.72272,1.72252,1.72272,180100000
2006-01-02T17:46:00+00:00,1.72271,1.72271,1.72254,1.72258,285500000
2006-01-02T17:47:00+00:00,1.72262,1.72265,1.7225,1.72265,90700000
2006-01-02T17:48:00+00:00,1.72257,1.72257,1.72247,1.72257,223100000
2006-01-02T17:49:00+00:00,1.72263,1.72263,1.72253,1.72257,214100000
2006-01-02T17:50:00+00:00,1.72257,1.72271,1.72257,1.72268,282000000
2006-01-02T17:51:00+00:00,1.72269,1.72271,1.72263,1.72267,369300000
2006-01-02T17:52:00+00:00,1.72267,1.72269,1.72255,1.72259,241000000
2006-01-02T17:53:00+00:00,1.72265,1.7227,1.72258,1.72258,124000000
2006-01-02T17:54:00+00:00,1.72258,1.72269,1.72258,1.7226,198300000
2006-01-02T17:55:00+00:00,1.72257,1.72268,1.72257,1.72261,93500000
2006-01-02T17:56:00+00:00,1.72258,1.72268,1.72253,1.72265,274400000
2006-01-02T17:57:00+00:00,1.7226,1.72272,1.7226,1.72261,358800000
2006-01-02T17:58:00+00:00,1.72267,1.72269,1.72257,1.72268,307200000
2006-01-02T17:59:00+00:00,1.72268,1.72275,1.72268,1.72272,244500000
2006-01-02T18:00:00+00:00,1.72267,1.72267,1.72253,1.72265,180600000
2006-01-02T18:01:00+00:00,1.72266,1.72272,1.72266,1.72268,204400000
2006-01-02T18:02:00+00:00,1.72255,1.72255,1.72245,1.7225,151200000
2006-01-02T18:03:00+00:00,1.72252,1.72265,1.72251,1.7226,74200000
2006-01-02T18:04:00+00:00,1.72261,1.72265,1.72247,1.72247,265300000
2006-01-02T18:05:00+00:00,1.72253,1.72269,1.72249,1.7226,242700000
2006-01-02T18:06:00+00:00,1.72258,1.7226,1.72252,1.72258,199200000
2006-01-02T18:07:00+00:00,1.7226,1.72269,1.72252,1.72252,162100000
2006-01-02T18:08:00+00:00,1.72255,1.72273,1.72255,1.72273,375600000
2006-01-02T18:09:00+00:00,1.72265,1.72268,1.72258,1.72268,177200000
2006-01-02T18:10:00+00:00,1.72265,1.72265,1.72251,1.72257,98500000
2006-01-02T18:11:00+00:00,1.72267,1.72268,1.72261,1.72264,62900000
2006-01-02T18:12:00+00:00,1.72263,1.7227,1.72255,1.72267,440400000
2006-01-02T18:13:00+00:00,1.72262,1.72268,1.72248,1.72248,201700000
2006-01-02T18:14:00+00:00,1.72252,1.72264,1.72251,1.72259,181100000
2006-01-02T18:15:00+00:00,1.72258,1.72265,1.72251,1.72255,404600000
2006-01-02T18:16:00+00:00,1.72259,1.72269,1.72257,1.72258,120300000
2006-01-02T18:17:00+00:00,1.72258,1.72268,1.72258,1.72268,69300000
2006-01-02T18:18:00+00:00,1.72268,1.72268,1.72254,1.72268,146100000
2006-01-02T18:19:00+00:00,1.72271,1.72275,1.72264,1.72268,160800000
2006-01-02T18:20:00+00:00,1.7226,1.72264,1.72251,1.72258,244800000
2006-01-02T18:21:00+00:00,1.72267,1.72267,1.72253,1.72253,179100000
2006-01-02T18:22:00+00:00,1.72254,1.72264,1.72254,1.72261,111000000
2006-01-02T18:23:00+00:00,1.7226,1.72271,1.72255,1.72259,239600000
2006-01-02T18:24:00+00:00,1.72257,1.7227,1.72257,1.7226,144200000
2006-01-02T18:25:00+00:00,1.7226,1.72273,1.72255,1.72273,488300000
2006-01-02T18:26:00+00:00,1.72268,1.7227,1.72252,1.72262,562000000
2006-01-02T18:27:00+00:00,1.72262,1.72267,1.72251,1.72267,365100000
2006-01-02T18:28:00+00:00,1.7226,1.72263,1.72252,1.72258,272300000
2006-01-02T18:29:00+00:00,1.72258,1.72271,1.72258,1.7226,204800000
2006-01-02T18:30:00+00:00,1.72258,1.72267,1.72249,1.7226,875600000
2006-01-02T18:31:00+00:00,1.72263,1.72272,1.72253,1.72267,597770000
2006-01-02T18:32:00+00:00,1.72267,1.72273,1.72252,1.72252,591000000
2006-01-02T18:33:00+00:00,1.72251,1.72272,1.72244,1.7226,173700000
2006-01-02T18:34:00+00:00,1.72266,1.72269,1.72253,1.72253,156770000
2006-01-02T18:35:00+00:00,1.72256,1.72274,1.72256,1.72268,53400000
2006-01-02T18:36:00+00:00,1.72268,1.7227,1.72258,1.7226,123600000
2006-01-02T18:37:00+00:00,1.72254,1.72271,1.72254,1.72258,186700000
2006-01-02T18:38:00+00:00,1.72255,1.72268,1.72249,1.72257,357500000
2006-01-02T18:39:00+00:00,1.72263,1.72263,1.7225,1.7226,271600000
2006-01-02T18:40:00+00:00,1.72268,1.72272,1.7226,1.72262,166600000
2006-01-02T18:42:00+00:00,1.72259,1.72265,1.72253,1.72265,23100000
2006-01-02T18:43:00+00:00,1.72272,1.72274,1.72257,1.72267,280000000
2006-01-02T18:44:00+00:00,1.72268,1.72268,1.72255,1.72264,334200000
2006-01-02T18:45:00+00:00,1.72258,1.72271,1.72258,1.72258,93700000
2006-01-02T18:46:00+00:00,1.72256,1.72272,1.72256,1.72272,152400000
2006-01-02T18:47:00+00:00,1.72266,1.72271,1.72256,1.72259,362300000
2006-01-02T18:48:00+00:00,1.72256,1.72268,1.72256,1.72264,216400000
2006-01-02T18:49:00+00:00,1.72257,1.72273,1.72257,1.72273,90700000
2006-01-02T18:50:00+00:00,1.72268,1.7228,1.72267,1.72268,448700000
2006-01-02T18:51:00+00:00,1.72265,1.72268,1.72252,1.7226,398700000
2006-01-02T18:52:00+00:00,1.72254,1.72271,1.72251,1.72265,268300000
2006-01-02T18:53:00+00:00,1.7226,1.72272,1.72258,1.72267,647300000
2006-01-02T18:54:00+00:00,1.72268,1.72268,1.72257,1.72257,310800000
2006-01-02T18:55:00+00:00,1.72257,1.72262,1.72251,1.72258,376000000
2006-01-02T18:56:00+00:00,1.7226,1.72272,1.72255,1.72265,421000000
2006-01-02T18:57:00+00:00,1.72268,1.72274,1.72259,1.72263,475400000
2006-01-02T18:58:00+00:00,1.72266,1.72266,1.72253,1.7226,210300000
2006-01-02T18:59:00+00:00,1.72256,1.72257,1.72246,1.72255,718300000
2006-01-02T19:00:00+00:00,1.72262,1.72271,1.72258,1.72265,285700000
2006-01-02T19:01:00+00:00,1.72258,1.72271,1.72256,1.7226,365800000
2006-01-02T19:02:00+00:00,1.72261,1.72266,1.72252,1.72265,208200000
2006-01-02T19:03:00+00:00,1.72262,1.72275,1.72261,1.72261,215500000
2006-01-02T19:04:00+00:00,1.72258,1.72261,1.72252,1.72261,200200000
2006-01-02T19:05:00+00:00,1.72261,1.72273,1.72256,1.7227,215900000
2006-01-02T19:06:00+00:00,1.72266,1.72266,1.72253,1.72253,233100000
2006-01-02T19:07:00+00:00,1.72253,1.72265,1.72253,1.72265,130200000
2006-01-02T19:08:00+00:00,1.72267,1.7227,1.72254,1.72254,68300000
2006-01-02T19:09:00+00:00,1.72246,1.7226,1.72246,1.72251,83300000
2006-01-02T19:10:00+00:00,1.72256,1.72271,1.72256,1.72264,120100000
2006-01-02T19:11:00+00:00,1.7226,1.72273,1.72257,1.72257,143500000
2006-01-02T19:12:00+00:00,1.72257,1.72263,1.72256,1.72263,78000000
2006-01-02T19:13:00+00:00,1.72261,1.72271,1.72259,1.72259,177300000
2006-01-02T19:14:00+00:00,1.7226,1.72268,1.72255,1.72267,317500000
2006-01-02T19:15:00+00:00,1.72272,1.72272,1.72256,1.72264,262600000
2006-01-02T19:16:00+00:00,1.72263,1.72263,1.7225,1.7225,59700000
2006-01-02T19:17:00+00:00,1.72253,1.7227,1.72249,1.7227,224700000
2006-01-02T19:18:00+00:00,1.72273,1.72277,1.72262,1.72262,47200000
2006-01-02T19:19:00+00:00,1.72264,1.7227,1.72255,1.72265,92900000
2006-01-02T19:20:00+00:00,1.7227,1.7227,1.72249,1.72259,236900000
2006-01-02T19:21:00+00:00,1.72271,1.72271,1.7226,1.7226,179900000
2006-01-02T19:22:00+00:00,1.72258,1.7227,1.72257,1.72268,162900000
2006-01-02T19:23:00+00:00,1.72269,1.7227,1.7226,1.7226,24000000
2006-01-02T19:24:00+00:00,1.72252,1.72263,1.72252,1.72253,178200000
2006-01-02T19:25:00+00:00,1.72253,1.72258,1.72249,1.72257,96400000
2006-01-02T19:26:00+00:00,1.72262,1.72264,1.72259,1.7226,14700000
2006-01-02T19:27:00+00:00,1.7226,1.72272,1.7226,1.7226,40200000
2006-01-02T19:28:00+00:00,1.7226,1.72262,1.7225,1.72262,347170000
2006-01-02T19:29:00+00:00,1.72269,1.72271,1.72269,1.72271,7600000
2006-01-02T19:30:00+00:00,1.72267,1.72267,1.72263,1.72263,18200000
2006-01-02T19:31:00+00:00,1.72257,1.72263,1.72256,1.72263,48200000
2006-01-02T19:32:00+00:00,1.72264,1.72265,1.72243,1.72256,287100000
2006-01-02T19:33:00+00:00,1.72257,1.72273,1.72253,1.72256,301700000
2006-01-02T19:35:00+00:00,1.72252,1.72256,1.72248,1.72248,50600000
2006-01-02T19:36:00+00:00,1.72259,1.72274,1.72259,1.72259,148300000
2006-01-02T19:37:00+00:00,1.72259,1.72273,1.72259,1.72265,173800000
2006-01-02T19:38:00+00:00,1.7226,1.72271,1.72251,1.72251,141400000
2006-01-02T19:39:00+00:00,1.72259,1.72263,1.72259,1.72263,93800000
2006-01-02T19:40:00+00:00,1.72267,1.72272,1.72262,1.72262,89500000
2006-01-02T19:41:00+00:00,1.72262,1.72271,1.72252,1.72262,148900000
2006-01-02T19:42:00+00:00,1.72263,1.72276,1.72255,1.72276,113400000
2006-01-02T19:43:00+00:00,1.72267,1.72274,1.72267,1.72274,111200000
2006-01-02T19:44:00+00:00,1.72273,1.72273,1.72256,1.72256,63700000
2006-01-02T19:45:00+00:00,1.72264,1.72272,1.72264,1.72272,75000000
2006-01-02T19:47:00+00:00,1.72273,1.72276,1.72263,1.72263,138400000
2006-01-02T19:48:00+00:00,1.7226,1.72268,1.72253,1.72268,140000000
2006-01-02T19:49:00+00:00,1.72257,1.72266,1.72257,1.7226,86100000
2006-01-02T19:50:00+00:00,1.7226,1.72272,1.7226,1.72266,25900000
2006-01-02T19:51:00+00:00,1.72265,1.72265,1.72255,1.72263,233800000
2006-01-02T19:52:00+00:00,1.72268,1.72271,1.72254,1.72271,82600000
2006-01-02T19:53:00+00:00,1.72273,1.72273,1.72262,1.72262,36000000
2006-01-02T19:54:00+00:00,1.72265,1.72272,1.72257,1.72257,91700000
2006-01-02T19:55:00+00:00,1.72257,1.72273,1.72257,1.72261,303200000
2006-01-02T19:56:00+00:00,1.72262,1.72272,1.72257,1.72257,133000000
2006-01-02T19:57:00+00:00,1.72267,1.7227,1.7226,1.7226,62600000
2006-01-02T19:59:00+00:00,1.72258,1.72272,1.72254,1.72255,448500000
2006-01-02T20:00:00+00:00,1.72258,1.72262,1.72251,1.72258,127200000
2006-01-02T20:01:00+00:00,1.72263,1.72268,1.72249,1.72257,122300000
2006-01-02T20:02:00+00:00,1.72257,1.72262,1.72247,1.72262,233500000
2006-01-02T20:03:00+00:00,1.72258,1.72258,1.7225,1.72252,138400000
2006-01-02T20:04:00+00:00,1.7225,1.72265,1.7225,1.72252,239550000
2006-01-02T20:05:00+00:00,1.72252,1.72264,1.72252,1.72253,116400000
2006-01-02T20:06:00+00:00,1.72253,1.7227,1.72253,1.72267,24900000
2006-01-02T20:07:00+00:00,1.7227,1.7227,1.72252,1.72252,51200000
2006-01-02T20:08:00+00:00,1.72251,1.72257,1.72249,1.72249,32000000
2006-01-02T20:09:00+00:00,1.72254,1.72256,1.72254,1.72256,19700000
2006-01-02T20:10:00+00:00,1.72259,1.7226,1.72243,1.72243,35500000
2006-01-02T20:11:00+00:00,1.72252,1.72263,1.7225,1.72259,27900000
2006-01-02T20:12:00+00:00,1.7226,1.72263,1.72254,1.72263,207500000
2006-01-02T20:13:00+00:00,1.72266,1.72266,1.72254,1.72261,77950000
2006-01-02T20:14:00+00:00,1.72262,1.72264,1.72254,1.7226,100800000
2006-01-02T20:15:00+00:00,1.7226,1.72278,1.72255,1.72257,244100000
2006-01-02T20:16:00+00:00,1.72255,1.72268,1.72255,1.72268,409900000
2006-01-02T20:17:00+00:00,1.72268,1.72268,1.72251,1.72259,30400000
2006-01-02T20:18:00+00:00,1.72269,1.72278,1.72265,1.72265,54600000
2006-01-02T20:19:00+00:00,1.72263,1.72267,1.72261,1.72263,39800000
2006-01-02T20:20:00+00:00,1.72258,1.72267,1.72256,1.72257,116850000
2006-01-02T20:21:00+00:00,1.72258,1.72258,1.72245,1.72245,129800000
2006-01-02T20:22:00+00:00,1.72245,1.7226,1.72245,1.72245,77000000
2006-01-02T20:23:00+00:00,1.72248,1.72272,1.72248,1.72255,155300000
2006-01-02T20:24:00+00:00,1.72259,1.72264,1.72254,1.72262,72000000
2006-01-02T20:25:00+00:00,1.72267,1.72267,1.72259,1.7226,162600000
2006-01-02T20:26:00+00:00,1.72267,1.72267,1.72254,1.7226,160200000
2006-01-02T20:28:00+00:00,1.7226,1.7226,1.72245,1.72257,32200000
2006-01-02T20:29:00+00:00,1.72263,1.72275,1.72255,1.72255,242800000
2006-01-02T20:30:00+00:00,1.72257,1.72263,1.7225,1.7226,97800000
2006-01-02T20:31:00+00:00,1.72261,1.72261,1.72246,1.72261,47000000
2006-01-02T20:32:00+00:00,1.72263,1.72268,1.72255,1.72255,234800000
2006-01-02T20:33:00+00:00,1.72257,1.72269,1.72257,1.72264,78800000
2006-01-02T20:34:00+00:00,1.72257,1.72263,1.72242,1.72242,173400000
2006-01-02T20:35:00+00:00,1.72244,1.72261,1.72244,1.72261,16800000
2006-01-02T20:36:00+00:00,1.72267,1.7227,1.72249,1.7226,104000000
2006-01-02T20:37:00+00:00,1.72266,1.72271,1.72258,1.72259,76000000
2006-01-02T20:38:00+00:00,1.72255,1.72269,1.72255,1.72269,60000000
2006-01-02T20:39:00+00:00,1.72262,1.72264,1.72253,1.72253,34800000
2006-01-02T20:40:00+00:00,1.72252,1.72259,1.72252,1.72259,94400000
2006-01-02T20:41:00+00:00,1.7226,1.72274,1.7226,1.72274,108800000
2006-01-02T20:42:00+00:00,1.72268,1.72268,1.72257,1.72259,66300000
2006-01-02T20:43:00+00:00,1.72247,1.72255,1.72246,1.72247,120600000
2006-01-02T20:44:00+00:00,1.72249,1.72255,1.72246,1.72253,114200000
2006-01-02T20:45:00+00:00,1.72255,1.72259,1.72248,1.72254,74500000
2006-01-02T20:46:00+00:00,1.72254,1.72255,1.72246,1.72246,64200000
2006-01-02T20:47:00+00:00,1.72242,1.72256,1.72242,1.72256,68600000
2006-01-02T20:48:00+00:00,1.72257,1.72261,1.72257,1.72258,82500000
2006-01-02T20:49:00+00:00,1.7226,1.7226,1.72252,1.72254,39200000
2006-01-02T20:50:00+00:00,1.72255,1.72266,1.72253,1.72254,40900000
2006-01-02T20:51:00+00:00,1.72247,1.72258,1.72247,1.72258,32300000
2006-01-02T20:52:00+00:00,1.72267,1.72267,1.72255,1.72255,9800000
2006-01-02T20:53:00+00:00,1.7226,1.7226,1.72224,1.72252,27200000
2006-01-02T20:54:00+00:00,1.72264,1.72267,1.72262,1.72265,78800000
2006-01-02T20:55:00+00:00,1.72257,1.72271,1.72257,1.7227,53700000
2006-01-02T20:56:00+00:00,1.72255,1.72258,1.72244,1.72244,76700000
2006-01-02T20:57:00+00:00,1.72253,1.72258,1.72247,1.72258,38600000
2006-01-02T20:58:00+00:00,1.72248,1.72266,1.72248,1.72266,70000000
2006-01-02T20:59:00+00:00,1.72263,1.72263,1.7225,1.72254,136450000
2006-01-02T21:00:00+00:00,1.72233,1.72271,1.72231,1.72257,58200000
2006-01-02T21:01:00+00:00,1.72256,1.72263,1.72245,1.72245,74200000
2006-01-02T21:02:00+00:00,1.72257,1.72262,1.7225,1.72257,41100000
2006-01-02T21:03:00+00:00,1.7226,1.72266,1.72256,1.72256,89700000
2006-01-02T21:04:00+00:00,1.72264,1.72273,1.72261,1.72267,150100000
2006-01-02T21:05:00+00:00,1.72256,1.72257,1.72256,1.72257,12400000
2006-01-02T21:06:00+00:00,1.72253,1.72264,1.72253,1.72264,59400000
2006-01-02T21:07:00+00:00,1.72265,1.72265,1.72231,1.72264,47700000
2006-01-02T21:08:00+00:00,1.72252,1.72258,1.72245,1.72258,67300000
2006-01-02T21:09:00+00:00,1.72268,1.72275,1.72268,1.7227,41000000
2006-01-02T21:10:00+00:00,1.72262,1.72263,1.72262,1.72263,5600000
2006-01-02T21:11:00+00:00,1.72258,1.7227,1.72256,1.72267,49900000
2006-01-02T21:12:00+00:00,1.72265,1.72266,1.72261,1.72266,79000000
2006-01-02T21:13:00+00:00,1.72271,1.72271,1.72256,1.72259,63500000
2006-01-02T21:14:00+00:00,1.72251,1.72271,1.72246,1.72271,84100000
2006-01-02T21:15:00+00:00,1.72268,1.72268,1.72258,1.72258,43800000
2006-01-02T21:17:00+00:00,1.72268,1.72274,1.72265,1.72274,77900000
2006-01-02T21:18:00+00:00,1.72273,1.72273,1.7225,1.72269,73900000
2006-01-02T21:19:00+00:00,1.72268,1.72268,1.72254,1.72258,89800000
2006-01-02T21:20:00+00:00,1.72264,1.72264,1.72251,1.72257,37800000
2006-01-02T21:21:00+00:00,1.72258,1.72265,1.72253,1.72258,78900000
2006-01-02T21:22:00+00:00,1.72252,1.72266,1.72252,1.72266,34300000
2006-01-02T21:23:00+00:00,1.7226,1.72268,1.72251,1.72259,66800000
2006-01-02T21:24:00+00:00,1.72256,1.72264,1.72254,1.72264,38300000
2006-01-02T21:25:00+00:00,1.72261,1.72269,1.72261,1.72266,54900000
2006-01-02T21:26:00+00:00,1.72272,1.72272,1.72255,1.72266,45500000
2006-01-02T21:27:00+00:00,1.72264,1.72264,1.72257,1.72257,29100000
2006-01-02T21:28:00+00:00,1.72249,1.72251,1.72249,1.72251,4600000
2006-01-02T21:29:00+00:00,1.72267,1.72273,1.72265,1.72271,51800000
2006-01-02T21:30:00+00:00,1.72268,1.72268,1.72256,1.72262,106800000
2006-01-02T21:31:00+00:00,1.72255,1.72273,1.72255,1.72268,50600000
2006-01-02T21:32:00+00:00,1.72268,1.72273,1.72249,1.72254,21400000
2006-01-02T21:33:00+00:00,1.72249,1.7226,1.72249,1.72255,20700000
2006-01-02T21:34:00+00:00,1.72265,1.72265,1.72255,1.72258,67100000
2006-01-02T21:35:00+00:00,1.72259,1.72273,1.72259,1.72273,21400000
2006-01-02T21:36:00+00:00,1.72265,1.72265,1.72257,1.7226,16800000
2006-01-02T21:37:00+00:00,1.72258,1.72264,1.72256,1.72257,27900000
2006-01-02T21:38:00+00:00,1.7225,1.7227,1.7225,1.72267,38200000
2006-01-02T21:39:00+00:00,1.72263,1.72263,1.72247,1.72263,61900000
2006-01-02T21:40:00+00:00,1.72268,1.72272,1.72259,1.72267,128700000
2006-01-02T21:41:00+00:00,1.72262,1.72271,1.72259,1.72261,87800000
2006-01-02T21:42:00+00:00,1.72254,1.72268,1.72253,1.72261,115100000
2006-01-02T21:43:00+00:00,1.7226,1.7227,1.7226,1.72266,62400000
2006-01-02T21:44:00+00:00,1.72262,1.72262,1.72249,1.72257,90400000
2006-01-02T21:45:00+00:00,1.7227,1.72276,1.72259,1.72264,41500000
2006-01-02T21:46:00+00:00,1.72269,1.72269,1.72264,1.72264,17200000
2006-01-02T21:47:00+00:00,1.72272,1.72272,1.72263,1.72263,7000000
2006-01-02T21:48:00+00:00,1.72262,1.72268,1.72255,1.72255,11100000
2006-01-02T21:49:00+00:00,1.72258,1.72258,1.72255,1.72256,28600000
2006-01-02T21:50:00+00:00,1.72263,1.72268,1.72255,1.72262,63100000
2006-01-02T21:51:00+00:00,1.72253,1.72264,1.72253,1.72262,51200000
2006-01-02T21:52:00+00:00,1.72267,1.72267,1.7225,1.72264,78200000
2006-01-02T21:53:00+00:00,1.72257,1.72261,1.72253,1.72258,55700000
2006-01-02T21:54:00+00:00,1.72262,1.7227,1.72256,1.72256,108700000
2006-01-02T21:55:00+00:00,1.72257,1.72264,1.72255,1.72258,65800000
2006-01-02T21:56:00+00:00,1.72262,1.72268,1.72253,1.72258,68200000
2006-01-02T21:57:00+00:00,1.72267,1.72267,1.72263,1.72263,23100000
2006-01-02T21:58:00+00:00,1.72262,1.72263,1.72254,1.72258,87700000
2006-01-02T21:59:00+00:00,1.72262,1.72263,1.72251,1.72263,56300000
2006-01-02T22:00:00+00:00,1.72264,1.72269,1.72253,1.72253,43000000
2006-01-02T22:01:00+00:00,1.72254,1.72256,1.72254,1.72256,4800000
2006-01-02T22:02:00+00:00,1.72268,1.72272,1.72257,1.72259,29600000
2006-01-02T22:03:00+00:00,1.7225,1.72262,1.72246,1.72262,45300000
2006-01-02T22:04:00+00:00,1.72251,1.72254,1.72251,1.72254,19100000
2006-01-02T22:05:00+00:00,1.72257,1.72261,1.72255,1.72256,133600000
2006-01-02T22:06:00+00:00,1.72259,1.72261,1.72259,1.72261,6500000
2006-01-02T22:07:00+00:00,1.72245,1.72255,1.72245,1.7225,17600000
2006-01-02T22:08:00+00:00,1.72252,1.72266,1.72252,1.72265,28200000
2006-01-02T22:09:00+00:00,1.72259,1.72263,1.72256,1.7226,46700000
2006-01-02T22:10:00+00:00,1.72269,1.72271,1.72269,1.72271,19400000
2006-01-02T22:11:00+00:00,1.72273,1.72273,1.72262,1.72273,84100000
2006-01-02T22:12:00+00:00,1.7227,1.72272,1.72256,1.72272,36600000
2006-01-02T22:13:00+00:00,1.72266,1.72271,1.72263,1.72263,24600000
2006-01-02T22:14:00+00:00,1.72263,1.72267,1.7226,1.72262,44300000
2006-01-02T22:15:00+00:00,1.72258,1.72265,1.72252,1.72265,42600000
2006-01-02T22:16:00+00:00,1.72274,1.72274,1.72255,1.72268,103900000
2006-01-02T22:17:00+00:00,1.72273,1.72273,1.72257,1.72264,49900000
2006-01-02T22:18:00+00:00,1.72257,1.7227,1.72257,1.7226,54000000
2006-01-02T22:19:00+00:00,1.72269,1.72271,1.72255,1.72255,47800000
2006-01-02T22:20:00+00:00,1.72252,1.72258,1.72252,1.72258,22300000
2006-01-02T22:21:00+00:00,1.72259,1.72265,1.72255,1.72255,46800000
2006-01-02T22:22:00+00:00,1.72259,1.72271,1.72259,1.72267,35200000
2006-01-02T22:23:00+00:00,1.72264,1.72264,1.72252,1.72262,37100000
2006-01-02T22:24:00+00:00,1.72262,1.72272,1.72262,1.72267,24400000
2006-01-02T22:25:00+00:00,1.72256,1.72265,1.72256,1.72257,23200000
2006-01-02T22:26:00+00:00,1.72258,1.72266,1.7225,1.72266,115300000
2006-01-02T22:27:00+00:00,1.72259,1.72267,1.72259,1.72265,28500000
2006-01-02T22:28:00+00:00,1.72272,1.72272,1.72256,1.72266,55000000
2006-01-02T22:29:00+00:00,1.72262,1.72273,1.72262,1.72273,66500000
2006-01-02T22:30:00+00:00,1.72271,1.72271,1.72264,1.72264,6400000
2006-01-02T22:31:00+00:00,1.72268,1.72272,1.72266,1.72272,48000000
2006-01-02T22:32:00+00:00,1.72266,1.72269,1.72266,1.72269,43800000
2006-01-02T22:33:00+00:00,1.7226,1.72269,1.72257,1.72257,30100000
2006-01-02T22:34:00+00:00,1.72264,1.7227,1.72254,1.7227,57200000
2006-01-02T22:35:00+00:00,1.72269,1.72269,1.72263,1.72263,15100000
2006-01-02T22:36:00+00:00,1.72248,1.72263,1.72248,1.72263,43300000
2006-01-02T22:37:00+00:00,1.72264,1.72273,1.72264,1.72268,39500000
2006-01-02T22:38:00+00:00,1.72075,1.72075,1.71957,1.71957,13400000
2006-01-02T22:39:00+00:00,1.71795,1.71795,1.7179,1.7179,50000000
2006-01-02T22:40:00+00:00,1.71795,1.71795,1.71795,1.71795,19900000
2006-01-02T22:41:00+00:00,1.71792,1.71795,1.7179,1.71795,45000000
2006-01-02T22:42:00+00:00,1.71786,1.71786,1.71773,1.71773,43700000
2006-01-02T22:43:00+00:00,1.71775,1.71775,1.7177,1.7177,57900000
2006-01-02T22:44:00+00:00,1.7177,1.71772,1.7176,1.71761,125900000
2006-01-02T22:45:00+00:00,1.71758,1.71765,1.71758,1.71765,13400000
2006-01-02T22:46:00+00:00,1.71758,1.71767,1.71755,1.71762,101800000
2006-01-02T22:47:00+00:00,1.71764,1.71772,1.71761,1.71764,60900000
2006-01-02T22:48:00+00:00,1.7176,1.71762,1.71755,1.71762,36700000
2006-01-02T22:49:00+00:00,1.7176,1.71765,1.7176,1.71763,54100000
2006-01-02T22:50:00+00:00,1.71774,1.71821,1.71774,1.71787,52200000
2006-01-02T22:51:00+00:00,1.71805,1.71825,1.71805,1.71825,13000000
2006-01-02T22:52:00+00:00,1.71855,1.71855,1.7185,1.71855,43700000
2006-01-02T22:53:00+00:00,1.7185,1.71855,1.71845,1.71845,50100000
2006-01-02T22:54:00+00:00,1.7185,1.71855,1.7185,1.71855,55000000
2006-01-02T22:55:00+00:00,1.7185,1.71855,1.7185,1.71852,58900000
2006-01-02T22:56:00+00:00,1.71854,1.71856,1.71854,1.71856,15700000
2006-01-02T22:57:00+00:00,1.71863,1.71863,1.71841,1.71841,89700000
2006-01-02T22:58:00+00:00,1.7184,1.71855,1.7184,1.71855,55700000
2006-01-02T22:59:00+00:00,1.71868,1.71874,1.71859,1.71869,88600000
2006-01-02T23:00:00+00:00,1.71864,1.71869,1.71864,1.71869,29800000
2006-01-02T23:01:00+00:00,1.71863,1.71874,1.71863,1.71873,36600000
2006-01-02T23:02:00+00:00,1.71865,1.7187,1.71857,1.71857,51500000
2006-01-02T23:03:00+00:00,1.71867,1.71874,1.71862,1.71874,41900000
2006-01-02T23:04:00+00:00,1.71872,1.71875,1.71868,1.71868,45100000
2006-01-02T23:05:00+00:00,1.7188,1.71906,1.71878,1.71893,93400000
2006-01-02T23:06:00+00:00,1.71897,1.71911,1.71892,1.71895,37000000
2006-01-02T23:07:00+00:00,1.7189,1.71895,1.7189,1.7189,58100000
2006-01-02T23:08:00+00:00,1.71888,1.71888,1.71884,1.71888,37400000
2006-01-02T23:09:00+00:00,1.7188,1.71893,1.7188,1.71893,61100000
2006-01-02T23:10:00+00:00,1.71893,1.71893,1.71882,1.71882,4400000
2006-01-02T23:11:00+00:00,1.71887,1.71891,1.71884,1.71891,51100000
2006-01-02T23:12:00+00:00,1.71884,1.71884,1.71874,1.71874,67700000
2006-01-02T23:13:00+00:00,1.71878,1.71878,1.71878,1.71878,2800000
2006-01-02T23:14:00+00:00,1.71875,1.71875,1.71875,1.71875,44200000
2006-01-02T23:15:00+00:00,1.7187,1.71875,1.71863,1.71875,85400000
2006-01-02T23:16:00+00:00,1.71875,1.71875,1.7187,1.7187,28400000
2006-01-02T23:17:00+00:00,1.7187,1.71875,1.71865,1.7187,38900000
2006-01-02T23:18:00+00:00,1.71875,1.71875,1.7187,1.71875,64600000
2006-01-02T23:19:00+00:00,1.71868,1.7187,1.71868,1.7187,4500000
2006-01-02T23:20:00+00:00,1.71868,1.71883,1.71864,1.71883,42500000
2006-01-02T23:21:00+00:00,1.71875,1.7188,1.71875,1.7188,23500000
2006-01-02T23:22:00+00:00,1.71876,1.71886,1.71876,1.71886,43800000
2006-01-02T23:23:00+00:00,1.71886,1.71889,1.71886,1.71889,20900000
2006-01-02T23:24:00+00:00,1.71885,1.719,1.71885,1.71894,37900000
2006-01-02T23:25:00+00:00,1.7189,1.7189,1.7188,1.71883,83900000
2006-01-02T23:26:00+00:00,1.71895,1.71914,1.71895,1.71908,66000000
2006-01-02T23:27:00+00:00,1.71899,1.71925,1.71899,1.71925,68600000
2006-01-02T23:28:00+00:00,1.71924,1.71938,1.71922,1.71922,70200000
2006-01-02T23:29:00+00:00,1.71937,1.71938,1.71895,1.71921,67500000
2006-01-02T23:30:00+00:00,1.71921,1.71921,1.71896,1.71896,71100000
2006-01-02T23:31:00+00:00,1.71906,1.71912,1.71906,1.71908,11300000
2006-01-02T23:32:00+00:00,1.71903,1.71909,1.71903,1.71909,32200000
2006-01-02T23:33:00+00:00,1.71903,1.71903,1.71893,1.71903,49600000
2006-01-02T23:34:00+00:00,1.71905,1.71907,1.71897,1.71907,13100000
2006-01-02T23:35:00+00:00,1.71901,1.71904,1.71885,1.71885,56900000
2006-01-02T23:36:00+00:00,1.71887,1.71893,1.71884,1.71887,62900000
2006-01-02T23:37:00+00:00,1.71885,1.71885,1.71878,1.71883,59300000
2006-01-02T23:38:00+00:00,1.71881,1.7189,1.71881,1.71882,27700000
2006-01-02T23:39:00+00:00,1.71885,1.71885,1.7188,1.71885,32900000
2006-01-02T23:40:00+00:00,1.71882,1.71882,1.7188,1.7188,19900000
2006-01-02T23:41:00+00:00,1.71889,1.71909,1.71877,1.71877,116200000
2006-01-02T23:42:00+00:00,1.71871,1.71877,1.71862,1.71875,63000000
2006-01-02T23:43:00+00:00,1.7188,1.71885,1.7188,1.71885,25200000
2006-01-02T23:44:00+00:00,1.71874,1.71874,1.71874,1.71874,19900000
2006-01-02T23:45:00+00:00,1.71877,1.71882,1.71877,1.71878,30900000
2006-01-02T23:46:00+00:00,1.71877,1.71878,1.71873,1.71878,31700000
2006-01-02T23:47:00+00:00,1.71885,1.71885,1.7188,1.7188,12500000
2006-01-02T23:48:00+00:00,1.7188,1.71893,1.7188,1.71893,111300000
2006-01-02T23:49:00+00:00,1.71895,1.7191,1.71895,1.71908,71200000
2006-01-02T23:50:00+00:00,1.71905,1.71905,1.71895,1.71895,11200000
2006-01-02T23:51:00+00:00,1.71893,1.71893,1.71867,1.7187,63100000
2006-01-02T23:52:00+00:00,1.7187,1.71875,1.71868,1.7187,75200000
2006-01-02T23:53:00+00:00,1.7187,1.71875,1.7187,1.71875,11200000
2006-01-02T23:54:00+00:00,1.71864,1.71869,1.7186,1.71861,39800000
2006-01-02T23:55:00+00:00,1.71866,1.71879,1.71866,1.71873,46600000
2006-01-02T23:56:00+00:00,1.71872,1.71874,1.71871,1.71872,30200000
2006-01-02T23:57:00+00:00,1.71871,1.71875,1.71864,1.71864,33700000
2006-01-02T23:58:00+00:00,1.71858,1.7186,1.71833,1.71858,18500000
2006-01-02T23:59:00+00:00,1.7186,1.7186,1.71857,1.7186,94300000